doc_id,CoT_E3_pred,CoT_E3_resp,description,country,queries,carb,fat,energy,protein,CoT_E3_mae,base_E_pred,base_E_resp,base_E_mae,CoT_E_pred,CoT_E_resp,CoT_E_mae
470,140.75,"['Let\'s think step by step.\n\nThe meal consists of:\n- 127.8g of boiled cassava leaves\n- 1.9g of steamed chives\n- 206.0g of raw mangoes\n- 61.9g of red palm oil\n- 729.0g of ready-to-eat maize porridge\n- 1.9g of salt\n- 0.3g of dried beef stock cube\n\n1. **Boiled Cassava Leaves**: Cassava leaves are low in carbohydrates. For 127.8g, the carbohydrate content is negligible, approximately 0.5g.\n\n2. **Steamed Chives**: Chives have a very low carbohydrate content. For 1.9g, the carbohydrate content is negligible, approximately 0g.\n\n3. **Raw Mangoes**: Mangoes have about 15g of carbohydrates per 100g. For 206.0g, the carbohydrate content is approximately 206 * 0.15 = 30.9g.\n\n4. **Red Palm Oil**: Palm oil contains no carbohydrates. For 61.9g, the carbohydrate content is 0g.\n\n5. **Ready-to-Eat Maize Porridge**: Maize porridge typically contains about 15g of carbohydrates per 100g. For 729.0g, the carbohydrate content is approximately 729 * 0.15 = 109.35g.\n\n6. **Salt**: Salt contains no carbohydrates. For 1.9g, the carbohydrate content is 0g.\n\n7. **Dried Beef Stock Cube**: Stock cubes have negligible carbohydrates. For 0.3g, the carbohydrate content is approximately 0g.\n\nAdding up the carbohydrates:\n- Cassava leaves: 0.5g\n- Chives: 0g\n- Mangoes: 30.9g\n- Palm oil: 0g\n- Maize porridge: 109.35g\n- Salt: 0g\n- Beef stock cube: 0g\n\nTotal carbohydrates = 0.5 + 0 + 30.9 + 0 + 109.35 + 0 + 0 = 140.75g\n\nOutput: {""total_carbohydrates"": 140.75}']","['Cassava leaves, PROCESS = Boiling, QUALITATIVE-INFO = Without added salt', 'Chives, PROCESS = Steaming', 'Mangoes, PROCESS = Raw, no heat treatment, QUALITATIVE-INFO = Orange', 'Palm oil/fat, QUALITATIVE-INFO = Red', 'Porridge water based (ready to eat), INGREDIENT = Maize grain, QUALITATIVE-INFO = Hard', 'Salt', 'Stock cube or granulate, beef, PROCESS = Drying (dehydration), GENERIC-TERM = Other']",COD,"For breakfast, I had 127.8g of boiled cassava leaves with no added salt, 1.9g of steamed chives, 206.0g of raw mangoes, 61.9g of red palm oil, 729.0g of ready-to-eat maize porridge, 1.9g of salt, and 0.3g of dried beef stock cube.",260.1,75.2,1794.0,31.5,119.35000000000002,331.5,"['{""total_carbohydrates"": 331.5}']",71.39999999999998,140.25,"['The meal consists of the following items:\n\n1. 127.8g of boiled cassava leaves\n2. 1.9g of steamed chives\n3. 206.0g of raw mangoes\n4. 61.9g of red palm oil\n5. 729.0g of ready-to-eat maize porridge\n6. 1.9g of salt\n7. 0.3g of dried beef stock cube\n\nLet\'s estimate the carbohydrates for each item:\n\n1. Boiled cassava leaves: Cassava leaves are primarily a source of fiber and protein, with very low carbohydrates. For 127.8g, the carbs are negligible, approximately 0g.\n2. Steamed chives: Chives have very low carbohydrates. For 1.9g, the carbs are negligible, approximately 0g.\n3. Raw mangoes: Mangoes have about 15g of carbs per 100g. For 206.0g, the carbs are (15 * 206.0 / 100) = 30.9g.\n4. Red palm oil: Palm oil contains no carbohydrates, so 61.9g contributes 0g carbs.\n5. Ready-to-eat maize porridge: Maize porridge has about 15g of carbs per 100g. For 729.0g, the carbs are (15 * 729.0 / 100) = 109.35g.\n6. Salt: Salt contains no carbohydrates, so 1.9g contributes 0g carbs.\n7. Dried beef stock cube: Stock cubes have negligible carbohydrates. For 0.3g, the carbs are approximately 0g.\n\nAdding up the carbohydrates:\nTotal carbohydrates = 0 + 0 + 30.9 + 0 + 109.35 + 0 + 0 = 140.25g\n\nOutput: {""total_carbohydrates"": 140.25}']",119.85000000000002
476,52.792,"['The meal consists of the following items:\n\n1. Boiled eggs (33.1g): Eggs have minimal carbohydrates, approximately 1g per 100g. Therefore, 33.1g of boiled eggs contribute about 0.33g of carbohydrates.\n\n2. Boiled chicken with skin (20.3g): Chicken has negligible carbohydrates, approximately 0g per 100g. Therefore, 20.3g of boiled chicken contributes 0g of carbohydrates.\n\n3. Fried chili peppers (0.4g): Chili peppers have about 9g of carbohydrates per 100g. Therefore, 0.4g contributes about 0.036g of carbohydrates.\n\n4. Steamed chives (1.6g): Chives have about 4.35g of carbohydrates per 100g. Therefore, 1.6g contributes about 0.07g of carbohydrates.\n\n5. Fried garlic (1.0g): Garlic has about 33g of carbohydrates per 100g. Therefore, 1.0g contributes about 0.33g of carbohydrates.\n\n6. Peanut paste (4.0g): Peanut paste has about 22g of carbohydrates per 100g. Therefore, 4.0g contributes about 0.88g of carbohydrates.\n\n7. Palm oil (3.4g): Palm oil has 0g of carbohydrates.\n\n8. Porridge (160.0g): Porridge typically has about 12g of carbohydrates per 100g. Therefore, 160.0g contributes about 19.2g of carbohydrates.\n\n9. Roasted pumpkin seeds (210.7g): Pumpkin seeds have about 15g of carbohydrates per 100g. Therefore, 210.7g contributes about 31.61g of carbohydrates.\n\n10. Salt (1.6g): Salt has 0g of carbohydrates.\n\n11. Smoked fish (27.6g): Fish has negligible carbohydrates, approximately 0g per 100g. Therefore, 27.6g of smoked fish contributes 0g of carbohydrates.\n\n12. Beef stock (0.9g): Beef stock has negligible carbohydrates, approximately 0g per 100g. Therefore, 0.9g contributes 0g of carbohydrates.\n\n13. Tomato paste (1.2g): Tomato paste has about 19g of carbohydrates per 100g. Therefore, 1.2g contributes about 0.23g of carbohydrates.\n\n14. Fried tomatoes (0.4g): Tomatoes have about 3.9g of carbohydrates per 100g. Therefore, 0.4g contributes about 0.016g of carbohydrates.\n\nNow, let\'s sum up the carbohydrates:\n\n0.33g (boiled eggs) + 0g (boiled chicken) + 0.036g (chili peppers) + 0.07g (chives) + 0.33g (garlic) + 0.88g (peanut paste) + 0g (palm oil) + 19.2g (porridge) + 31.61g (pumpkin seeds) + 0g (salt) + 0g (smoked fish) + 0g (beef stock) + 0.23g (tomato paste) + 0.016g (fried tomatoes) = 52.792g\n\nOutput: {""total_carbohydrates"": 52.792}']","['Boiled eggs, SOURCE-COMMODITIES = Hen eggs', 'Chicken fresh meat, PROCESS = Boiling, QUALITATIVE-INFO = Dark, QUALITATIVE-INFO = Without added salt, PART-CONSUMED-ANALYSED = With skin', 'Chili peppers, PROCESS = Frying', 'Chives, PROCESS = Steaming', 'Garlic, PROCESS = Frying', 'Nut/seeds paste/emulsion/mass, SOURCE-COMMODITIES = Peanuts, PROCESS = Roasting', 'Palm oil/fat, QUALITATIVE-INFO = Red', 'Porridge water based (ready to eat), INGREDIENT = Maize grain, QUALITATIVE-INFO = Hard', 'Pumpkin seeds, PROCESS = Roasting, PHYSICAL-STATE = Whole/unsplit form, including artificial forms', 'Salt', 'Smoked fish, SOURCE-COMMODITIES = Whitefishes or coregonus', 'Stock cube or granulate, beef, PROCESS = Drying (dehydration), GENERIC-TERM = Other', 'Tomatoes, PHYSICAL-STATE = Paste', 'Tomatoes, PROCESS = Frying, QUALITATIVE-INFO = Red, QUALITATIVE-INFO = Ripe / mature']",COD,"For lunch, I had 33.1g of boiled eggs, 20.3g of boiled chicken with skin, and some fried chili peppers (0.4g). I also included 1.6g of steamed chives and 1.0g of fried garlic. To add a little more flavor, I tossed in some peanut paste (4.0g), a dollop of palm oil (3.4g), and a generous bowl of porridge (160.0g). I also snuck in 210.7g of roasted pumpkin seeds and a sprinkle of salt (1.6g). For an extra kick, I added some smoked fish (27.6g), a bit of beef stock (0.9g), and some tomato paste (1.2g) along with fried tomatoes (0.4g).",160.49999999999997,58.89999999999999,1361.0,57.50000000000001,107.70799999999997,92.5,"['{""total_carbohydrates"": 92.5}']",67.99999999999997,52.19,"['The meal consists of the following items:\n\n1. Boiled eggs (33.1g)\n2. Boiled chicken with skin (20.3g)\n3. Fried chili peppers (0.4g)\n4. Steamed chives (1.6g)\n5. Fried garlic (1.0g)\n6. Peanut paste (4.0g)\n7. Palm oil (3.4g)\n8. Porridge (160.0g)\n9. Roasted pumpkin seeds (210.7g)\n10. Salt (1.6g)\n11. Smoked fish (27.6g)\n12. Beef stock (0.9g)\n13. Tomato paste (1.2g)\n14. Fried tomatoes (0.4g)\n\nNow, let\'s estimate the carbohydrates for each item:\n\n1. Boiled eggs: 0.6g carbs per 100g, so 33.1g has approximately 0.2g carbs.\n2. Boiled chicken with skin: 0g carbs.\n3. Fried chili peppers: 0.4g is negligible, approximately 0g carbs.\n4. Steamed chives: 4.35g carbs per 100g, so 1.6g has approximately 0.07g carbs.\n5. Fried garlic: 33g carbs per 100g, so 1.0g has approximately 0.33g carbs.\n6. Peanut paste: 14g carbs per 100g, so 4.0g has approximately 0.56g carbs.\n7. Palm oil: 0g carbs.\n8. Porridge: 12g carbs per 100g, so 160.0g has approximately 19.2g carbs.\n9. Roasted pumpkin seeds: 15g carbs per 100g, so 210.7g has approximately 31.6g carbs.\n10. Salt: 0g carbs.\n11. Smoked fish: 0g carbs.\n12. Beef stock: 0g carbs.\n13. Tomato paste: 18.9g carbs per 100g, so 1.2g has approximately 0.23g carbs.\n14. Fried tomatoes: 0.4g is negligible, approximately 0g carbs.\n\nNow, let\'s add up the carbohydrates:\n\nTotal carbohydrates = 0.2 + 0 + 0 + 0.07 + 0.33 + 0.56 + 0 + 19.2 + 31.6 + 0 + 0 + 0 + 0.23 + 0 = 52.19g\n\nOutput: {""total_carbohydrates"": 52.19}']",108.30999999999997
305,40.42,"['The meal consists of the following items:\n\n1. 48g of boiled white navy beans\n2. 16g of boiled kidney beans\n3. 16g of boiled groundnut powder\n4. 115g of boiled white maize flour\n5. 13g of boiled large onion\n6. 26g of boiled sweet potato leaves\n7. 45g of boiled ripe tomato\n\nLet\'s estimate the carbohydrates for each item:\n\n1. **Boiled white navy beans**: Approximately 15g of carbs per 100g.\n   - 48g * (15 / 100) = 7.2g carbs\n\n2. **Boiled kidney beans**: Approximately 20g of carbs per 100g.\n   - 16g * (20 / 100) = 3.2g carbs\n\n3. **Boiled groundnut powder**: Groundnuts (peanuts) are low in carbs, approximately 10g of carbs per 100g.\n   - 16g * (10 / 100) = 1.6g carbs\n\n4. **Boiled white maize flour**: Approximately 21g of carbs per 100g.\n   - 115g * (21 / 100) = 24.15g carbs\n\n5. **Boiled large onion**: Approximately 9g of carbs per 100g.\n   - 13g * (9 / 100) = 1.17g carbs\n\n6. **Boiled sweet potato leaves**: Approximately 5g of carbs per 100g.\n   - 26g * (5 / 100) = 1.3g carbs\n\n7. **Boiled ripe tomato**: Approximately 4g of carbs per 100g.\n   - 45g * (4 / 100) = 1.8g carbs\n\nNow, let\'s add up the carbohydrates:\n\n7.2g (navy beans) + 3.2g (kidney beans) + 1.6g (groundnut powder) + 24.15g (maize flour) + 1.17g (onion) + 1.3g (sweet potato leaves) + 1.8g (tomato) = 40.42g carbs\n\nConsistency check: 40.42g carbs * 4 kcal/g = 161.68 kcal from carbohydrates. The remaining 703.0 kcal - 161.68 kcal = 541.32 kcal would come from protein and fat, which is reasonable given the presence of beans, groundnut powder, and maize flour.\n\nOutput: {""total_carbohydrates"": 40.42}']","['* beans, white (navy), dried, raw *boiled*', '* beans,kidney(isweta),fresh,raw *boiled*', '* groundnuts, powder, raw, *boiled*', '* maize flour,white variety,roller meal (unrefined),raw *boi', '* onion, large bulb, fresh, raw *boiled*', '* sweetpotato leaves, fresh, raw, *boiled*', '* tomato,ripe,fresh,raw *boiled*']",ZMB,"For a snack, I had 48g of boiled white navy beans, 16g of boiled kidney beans, 16g of boiled groundnut powder, 115g of boiled white maize flour, 13g of boiled large onion, 26g of boiled sweet potato leaves, and 45g of boiled ripe tomato.",127.3,13.0,703.0,25.799999999999997,86.88,123.5,"['{""total_carbohydrates"": 123.5}']",3.799999999999997,45.06,"['The meal consists of the following items:\n\n1. 48g of boiled white navy beans\n2. 16g of boiled kidney beans\n3. 16g of boiled groundnut powder\n4. 115g of boiled white maize flour\n5. 13g of boiled large onion\n6. 26g of boiled sweet potato leaves\n7. 45g of boiled ripe tomato\n\nLet\'s estimate the carbohydrates for each item:\n\n1. Boiled white navy beans: Approximately 21g of carbs per 100g. For 48g: (21 * 48 / 100) = 10.08g carbs.\n2. Boiled kidney beans: Approximately 20g of carbs per 100g. For 16g: (20 * 16 / 100) = 3.2g carbs.\n3. Boiled groundnut powder: Approximately 21g of carbs per 100g. For 16g: (21 * 16 / 100) = 3.36g carbs.\n4. Boiled white maize flour: Approximately 21g of carbs per 100g. For 115g: (21 * 115 / 100) = 24.15g carbs.\n5. Boiled large onion: Approximately 9g of carbs per 100g. For 13g: (9 * 13 / 100) = 1.17g carbs.\n6. Boiled sweet potato leaves: Approximately 5g of carbs per 100g. For 26g: (5 * 26 / 100) = 1.3g carbs.\n7. Boiled ripe tomato: Approximately 4g of carbs per 100g. For 45g: (4 * 45 / 100) = 1.8g carbs.\n\nNow, let\'s add up the carbohydrates:\n\nTotal carbs = 10.08 + 3.2 + 3.36 + 24.15 + 1.17 + 1.3 + 1.8 = 45.06\n\nOutput: {""total_carbohydrates"": 45.06}']",82.24
481,55.995,"['The meal consists of the following items:\n\n1. 40.7g of boiled pork loin\n2. 300g of water\n3. 69.5g of ripe mango\n4. 217g of steamed glutinous rice\n\nLet\'s estimate the carbohydrates for each item:\n\n1. **Boiled pork loin**: Pork loin is primarily protein and fat, with negligible carbohydrates. Therefore, it contributes 0g of carbohydrates.\n\n2. **Water**: Water contains 0g of carbohydrates.\n\n3. **Ripe mango**: Mango contains approximately 15g of carbohydrates per 100g.\n   - 69.5g of mango contains (69.5 * 15 / 100) = 10.425g of carbohydrates.\n\n4. **Steamed glutinous rice**: Glutinous rice contains approximately 21g of carbohydrates per 100g.\n   - 217g of glutinous rice contains (217 * 21 / 100) = 45.57g of carbohydrates.\n\nNow, let\'s add up the carbohydrates from all items:\n\n- Total carbohydrates = 0 (pork loin) + 0 (water) + 10.425 (mango) + 45.57 (glutinous rice) = 55.995g\n\nConsistency check: \n- Total carbohydrates = 55.995g\n- Total energy from carbohydrates = 55.995g * 4 kcal/g = 223.98 kcal\n- Remaining energy for protein and fat = 591.0 kcal - 223.98 kcal = 367.02 kcal\n\nThis distribution of energy is reasonable given the presence of pork loin, which is rich in protein and fat.\n\nOutput: {""total_carbohydrates"": 55.995}']","['Boiled Pork loin with little water/ Or Mou', 'Drink water/ Nam Deum', 'Mango (Kaew variety), ripe / Mak Muang Keo', 'Rice glutinous, polished, steamed/ Khao Niew']",LAO,"Lunch included 40.7g of boiled pork loin, 300g of water, 69.5g of ripe mango, and 217g of steamed glutinous rice.",129.71,1.59,591.0,14.28,73.715,81.5,"['{""total_carbohydrates"": 81.5}']",48.21000000000001,55.995,"['The meal consists of 40.7g of boiled pork loin, 300g of water, 69.5g of ripe mango, and 217g of steamed glutinous rice.\n\n1. Boiled pork loin: Pork loin is primarily protein and fat, with negligible carbohydrates. Therefore, it contributes 0g of carbs.\n2. Water: Water contains 0g of carbohydrates.\n3. Ripe mango: Mango has approximately 15g of carbohydrates per 100g. Therefore, 69.5g of mango has (15 * 69.5 / 100) = 10.425g of carbs.\n4. Steamed glutinous rice: Glutinous rice has approximately 21g of carbohydrates per 100g. Therefore, 217g of glutinous rice has (21 * 217 / 100) = 45.57g of carbs.\n\nThe total carbohydrates = 0 + 0 + 10.425 + 45.57 = 55.995\n\nOutput: {""total_carbohydrates"": 55.995}']",73.715
515,172.18,"['The meal consists of the following items:\n\n1. **Raw medium fat beef (56.4g):** \n   - Beef contains negligible carbohydrates, so it contributes 0g of carbs.\n\n2. **Chopped fresh red onion (47g):**\n   - Onions have about 9g of carbs per 100g.\n   - 47g of onion contains (47 * 9 / 100) = 4.23g of carbs.\n\n3. **Raw pumpkin leaves (73.3g):**\n   - Pumpkin leaves have about 6g of carbs per 100g.\n   - 73.3g of pumpkin leaves contains (73.3 * 6 / 100) = 4.40g of carbs.\n\n4. **Cooked white rice (from 43.5g dry):**\n   - Dry white rice has about 80g of carbs per 100g.\n   - 43.5g of dry rice contains (43.5 * 80 / 100) = 34.8g of carbs.\n\n5. **Iodized salt (0.9g):**\n   - Salt contains 0g of carbs.\n\n6. **Ripe raw tomato (68.7g):**\n   - Tomatoes have about 4g of carbs per 100g.\n   - 68.7g of tomato contains (68.7 * 4 / 100) = 2.75g of carbs.\n\n7. **Vegetable oil (21.0g):**\n   - Oil contains 0g of carbs.\n\n8. **Whole maize flour ugali (600g):**\n   - Ugali made from whole maize flour has about 21g of carbs per 100g.\n   - 600g of ugali contains (600 * 21 / 100) = 126g of carbs.\n\nNow, let\'s add up the carbohydrates from all items:\n\n- Onion: 4.23g\n- Pumpkin leaves: 4.40g\n- Cooked rice: 34.8g\n- Tomato: 2.75g\n- Ugali: 126g\n\nTotal carbohydrates = 4.23 + 4.40 + 34.8 + 2.75 + 126 = 172.18g\n\nConsistency check: \n- Total carbs = 172.18g * 4 kcal/g = 688.72 kcal from carbs.\n- Remaining kcal for protein and fat = 845.0 kcal - 688.72 kcal = 156.28 kcal.\n- This is reasonable given the presence of beef and vegetable oil, which contribute to protein and fat.\n\nOutput: {""total_carbohydrates"": 172.18}']","['Beef\t medium fat\t w/o bones\t raw\t corrected for stewing', 'Onion\t mature\t red skinned\t peeled\t fresh\t raw corrected for stewing', 'Pumpkin\t leaves (seveve)\t raw\t corrected for boling', 'Rice\t white\t milled\t polished grain\t dry\t raw corrected for stewing', 'Salt\t Iodized', 'Tomato\t red\t ripe\t raw\t corrected for stewing', 'Vegetable oil', 'Whole Maize Flour Ugali']",KEN,"For lunch, I’m having 56.4 grams of raw medium fat beef, 47 grams of chopped fresh red onion, and 73.3 grams of raw pumpkin leaves. I also cooked 43.5 grams of dry white rice with 0.9 grams of iodized salt, and added 68.7 grams of ripe raw tomato. I used 21.0 grams of vegetable oil and served it with 600 grams of whole maize flour ugali.",100.0,31.9,845.0,27.0,72.18,140.5,"['{""total_carbohydrates"": 140.5}']",40.5,172.176,"['The meal consists of the following items:\n\n1. 56.4 grams of raw medium fat beef: Beef contains negligible carbohydrates, so it contributes 0g carbs.\n\n2. 47 grams of chopped fresh red onion: Onions have about 9g of carbs per 100g. Therefore, 47g of onion has (47 * 9 / 100) = 4.23g carbs.\n\n3. 73.3 grams of raw pumpkin leaves: Pumpkin leaves have about 6g of carbs per 100g. Therefore, 73.3g of pumpkin leaves has (73.3 * 6 / 100) = 4.398g carbs.\n\n4. 43.5 grams of dry white rice: Dry white rice has about 80g of carbs per 100g. Therefore, 43.5g of dry rice has (43.5 * 80 / 100) = 34.8g carbs.\n\n5. 0.9 grams of iodized salt: Salt contains 0g carbs.\n\n6. 68.7 grams of ripe raw tomato: Tomatoes have about 4g of carbs per 100g. Therefore, 68.7g of tomato has (68.7 * 4 / 100) = 2.748g carbs.\n\n7. 21.0 grams of vegetable oil: Oil contains 0g carbs.\n\n8. 600 grams of whole maize flour ugali: Ugali made from maize flour has about 21g of carbs per 100g. Therefore, 600g of ugali has (600 * 21 / 100) = 126g carbs.\n\nNow, let\'s add up the carbohydrates from all items:\n\nTotal carbohydrates = 0 + 4.23 + 4.398 + 34.8 + 0 + 2.748 + 0 + 126 = 172.176g\n\nOutput: {""total_carbohydrates"": 172.176}']",72.17599999999999
346,239.905,"['The meal consists of 436.1 grams of country soup and 727 grams of plum dumplings.\n\n1. **Country Soup:**\n   - Country soup typically contains about 5g of carbohydrates per 100g.\n   - For 436.1g, the carbohydrates would be: 436.1 * (5 / 100) = 21.805g carbs.\n\n2. **Plum Dumplings:**\n   - Plum dumplings are generally high in carbohydrates, with about 30g of carbohydrates per 100g.\n   - For 727g, the carbohydrates would be: 727 * (30 / 100) = 218.1g carbs.\n\n3. **Total Carbohydrates:**\n   - Total carbohydrates = 21.805g (soup) + 218.1g (dumplings) = 239.905g carbs.\n\n4. **Consistency Check:**\n   - Total energy from carbohydrates = 239.905g * 4 kcal/g = 959.62 kcal.\n   - This leaves 1838.0 kcal - 959.62 kcal = 878.38 kcal for protein and fat, which is reasonable given the presence of dumplings and soup.\n\nOutput: {""total_carbohydrates"": 239.905}']","['COUNTRY SOUP', 'PLUM DUMPLINGS']",ROU,I'm enjoying 436.1 grams of country soup along with 727 grams of plum dumplings for lunch.,307.4,62.2,1838.0,23.700000000000003,67.49499999999998,312.0,"['{""total_carbohydrates"": 312}']",4.600000000000023,239.905,"['The meal consists of 436.1 grams of country soup and 727 grams of plum dumplings.\n\n1. Country soup: \n   - Without specific details, we\'ll assume a typical vegetable-based country soup, which has about 5g of carbs per 100g.\n   - 436.1g of country soup would have approximately (436.1 * 5 / 100) = 21.805g of carbs.\n\n2. Plum dumplings:\n   - Plum dumplings are typically high in carbohydrates due to the dough and the plums. They have about 30g of carbs per 100g.\n   - 727g of plum dumplings would have approximately (727 * 30 / 100) = 218.1g of carbs.\n\nAdding these together gives us the total carbohydrates:\nTotal carbs = 21.805 + 218.1 = 239.905\n\nOutput: {""total_carbohydrates"": 239.905}']",67.49499999999998
486,52.285,"['The meal consists of 163.7g of bamboo shoots with pork ribs, 210g of steamed glutinous rice, and 200g of water.\n\n1. Bamboo shoots with pork ribs:\n   - Bamboo shoots are low in carbohydrates, approximately 5g per 100g.\n   - Pork ribs contribute negligible carbohydrates.\n   - For 163.7g of bamboo shoots, the carbs are approximately 163.7 * (5 / 100) = 8.185g.\n\n2. Steamed glutinous rice:\n   - Glutinous rice is high in carbohydrates, approximately 21g per 100g.\n   - For 210g of steamed glutinous rice, the carbs are approximately 210 * (21 / 100) = 44.1g.\n\n3. Water:\n   - Water contributes 0g of carbohydrates.\n\nTotal carbohydrates = 8.185g (bamboo shoots) + 44.1g (glutinous rice) = 52.285g.\n\nConsistency check:\n- 52.285g of carbohydrates * 4 kcal/g = 209.14 kcal from carbohydrates.\n- The remaining 517.0 kcal - 209.14 kcal = 307.86 kcal would come from protein and fat, which is reasonable given the presence of pork ribs.\n\nOutput: {""total_carbohydrates"": 52.285}']","['Bamboo shoot, boiled with Pork spare ribs/ Kheang Nor Mai Sai Ka Douk Mou', 'Drink water/ Nam Deum', 'Rice glutinous, polished, steamed/ Khao Niew']",LAO,"My lunch consisted of 163.7g of bamboo shoots with pork ribs, 210g of steamed glutinous rice, and a refreshing 200g glass of water.",116.28,0.8300000000000001,517.0,11.11,63.995000000000005,85.5,"['{""total_carbohydrates"": 85.5}']",30.78,46.1,"['The meal consists of 163.7g of bamboo shoots with pork ribs, 210g of steamed glutinous rice, and a 200g glass of water.\n\n1. Bamboo shoots with pork ribs:\n   - Bamboo shoots are low in carbohydrates. For 163.7g, they contribute approximately 2g of carbs.\n   - Pork ribs contribute negligible carbohydrates.\n\n2. Steamed glutinous rice:\n   - Steamed glutinous rice is high in carbohydrates. It has about 21g of carbs per 100g.\n   - For 210g, the carbs are 210 * (21 / 100) = 44.1g of carbs.\n\n3. Water:\n   - Water contributes 0g of carbs.\n\nTotal carbohydrates = 2 + 44.1 = 46.1\n\nOutput: {""total_carbohydrates"": 46.1}']",70.18
528,24.93,"['The meal consists of the following items:\n\n1. **Boiled Roselle leaves (14g):** Roselle leaves are low in carbohydrates. Boiled Roselle leaves have approximately 0.5g of carbs per 100g. Therefore, 14g would have about 0.07g of carbs.\n\n2. **Boiled millet flour (105g):** Millet flour is high in carbohydrates. Boiled millet typically has about 21g of carbs per 100g. Therefore, 105g would have approximately 22.05g of carbs.\n\n3. **Boiled peanuts (19g):** Boiled peanuts have about 7g of carbs per 100g. Therefore, 19g would have approximately 1.33g of carbs.\n\n4. **Dried Roselle leaves (14g):** Dried Roselle leaves are more concentrated than boiled leaves. They have approximately 10g of carbs per 100g. Therefore, 14g would have about 1.4g of carbs.\n\n5. **Salt (4g and 17g):** Salt does not contain carbohydrates.\n\n6. **Stink beans (1g):** Stink beans have about 8g of carbs per 100g. Therefore, 1g would have approximately 0.08g of carbs.\n\n7. **Stock cubes (1g):** Stock cubes typically have negligible carbohydrates, especially in such a small amount.\n\nNow, let\'s add up the carbohydrates:\n\n- Boiled Roselle leaves: 0.07g\n- Boiled millet flour: 22.05g\n- Boiled peanuts: 1.33g\n- Dried Roselle leaves: 1.4g\n- Stink beans: 0.08g\n\nTotal carbohydrates = 0.07 + 22.05 + 1.33 + 1.4 + 0.08 = 24.93g\n\nOutput: {""total_carbohydrates"": 24.93}']","['Dried vegetables, SOURCE-COMMODITIES = Roselle leaves, PROCESS = Boiling', 'Millet flour, PROCESS = Drying (dehydration), PROCESS = Boiling, PART-CONSUMED-ANALYSED = With husks', 'Peanuts,  PART=W/o husks, PROCESS=Boiling', 'Salt,  PROCESS=Boiling', 'Salt, INGREDIENT = Potassium, PHYSICAL-STATE = Liquid', 'Stink beans (dry),  PROCESS=Fermentation,  PROCESS=Boiling', 'Stock cubes or granulate (bouillon base)']",BFA,"For a snack, I'm having 14g of boiled Roselle leaves, 105g of millet flour that's been boiled, and 19g of boiled peanuts. I also have 14g of dried Roselle leaves, some salt (4g and another 17g), a bit of stink beans (1g), and a sprinkle of stock cubes (1g). Everything's boiled, giving it a nice flavor!",87.9,13.5,549.0,20.5,62.970000000000006,103.5,"['{""total_carbohydrates"": 103.5}']",15.599999999999994,25.46,"['The meal consists of the following items:\n\n1. 14g of boiled Roselle leaves\n2. 105g of boiled millet flour\n3. 19g of boiled peanuts\n4. 14g of dried Roselle leaves\n5. Salt (4g and another 17g)\n6. 1g of stink beans\n7. 1g of stock cubes\n\nLet\'s estimate the carbohydrates for each item:\n\n1. Boiled Roselle leaves: Roselle leaves are low in carbohydrates. 14g of boiled Roselle leaves have approximately 0.5g of carbs.\n2. Boiled millet flour: Millet flour is high in carbohydrates. 100g of boiled millet flour has about 21g of carbs. Therefore, 105g has approximately 21 * (105/100) = 22.05g of carbs.\n3. Boiled peanuts: Peanuts are relatively low in carbohydrates. 100g of boiled peanuts have about 9g of carbs. Therefore, 19g has approximately 9 * (19/100) = 1.71g of carbs.\n4. Dried Roselle leaves: Dried Roselle leaves are also low in carbohydrates. 14g of dried Roselle leaves have approximately 1g of carbs.\n5. Salt: Salt contains 0g of carbohydrates.\n6. Stink beans: Stink beans are low in carbohydrates. 1g of stink beans has approximately 0.1g of carbs.\n7. Stock cubes: Stock cubes are low in carbohydrates. 1g of stock cubes has approximately 0.1g of carbs.\n\nNow, let\'s add up the carbohydrates:\n\nTotal carbohydrates = 0.5 + 22.05 + 1.71 + 1 + 0 + 0.1 + 0.1 = 25.46g\n\nOutput: {""total_carbohydrates"": 25.46}']",62.440000000000005
431,170.21,"['The meal consists of several items: Alfalfa Sprouts, Apple Green, Hawaiian Feast Pizza from Domino\'s, lemon, Musk Lime, Popia with Vegetarian Chicken, and syrup water with sugar.\n\n1. **Alfalfa Sprouts (0.69g):** \n   - Alfalfa sprouts have negligible carbohydrates. For 0.69g, the carbs are approximately 0g.\n\n2. **Apple Green (120g):**\n   - Apples have about 13.8g of carbs per 100g.\n   - 120g of apple contains (13.8 * 1.2) = 16.56g of carbs.\n\n3. **Hawaiian Feast Pizza from Domino\'s (350g):**\n   - A typical Hawaiian pizza has about 30g of carbs per 100g.\n   - 350g of pizza contains (30 * 3.5) = 105g of carbs.\n\n4. **Lemon (50.4g):**\n   - Lemons have about 9g of carbs per 100g.\n   - 50.4g of lemon contains (9 * 0.504) = 4.54g of carbs.\n\n5. **Musk Lime (12.1g):**\n   - Limes have about 10.5g of carbs per 100g.\n   - 12.1g of lime contains (10.5 * 0.121) = 1.27g of carbs.\n\n6. **Popia with Vegetarian Chicken (51.35g):**\n   - Popia (spring rolls) can vary, but a typical estimate is about 25g of carbs per 100g.\n   - 51.35g of Popia contains (25 * 0.5135) = 12.84g of carbs.\n\n7. **Syrup Water and Sugar (150g):**\n   - Assuming this is a sugar syrup, it could have about 20g of carbs per 100g.\n   - 150g of syrup contains (20 * 1.5) = 30g of carbs.\n\nNow, let\'s add up the carbohydrates from all items:\n- Alfalfa Sprouts: 0g\n- Apple Green: 16.56g\n- Hawaiian Feast Pizza: 105g\n- Lemon: 4.54g\n- Musk Lime: 1.27g\n- Popia with Vegetarian Chicken: 12.84g\n- Syrup Water and Sugar: 30g\n\nTotal carbohydrates = 0 + 16.56 + 105 + 4.54 + 1.27 + 12.84 + 30 = 170.21g\n\nConsistency check: 170.21g of carbs * 4 kcal/g = 680.84 kcal from carbohydrates. This leaves 1013.0 kcal - 680.84 kcal = 332.16 kcal for fats and proteins, which is reasonable given the presence of pizza and Popia.\n\nOutput: {""total_carbohydrates"": 170.21}']","['Alfalfa Sprouts', 'Apple Green', ""Domino'S Crunchy Thin Crust Hawaiian Feast Pizza 14 Inch"", 'Lemon', 'Musk Lime', 'Popia With Vegetarian Chicken', 'Syrup Water And Sugar']",MYS,"I had 0.69g of Alfalfa Sprouts and 120g of Apple Green for dinner, along with a 350g Hawaiian Feast Pizza from Domino's. I also had a 50.4g lemon and 12.1g of Musk Lime, plus some Popia with Vegetarian Chicken weighing 51.35g and 150g of syrup water and sugar.",109.86,47.31,1013.0,41.06999999999999,60.35000000000001,145.5,"['{""total_carbohydrates"": 145.5}']",35.64,175.29,"['The meal consists of the following items:\n\n1. 0.69g of Alfalfa Sprouts: Alfalfa sprouts have negligible carbohydrates due to the small amount, approximately 0g carbs.\n\n2. 120g of Apple Green: Apples have about 13.8g of carbs per 100g.\n   - 120g of apple: 120 * (13.8 / 100) = 16.56g carbs.\n\n3. 350g Hawaiian Feast Pizza from Domino\'s: A typical Hawaiian pizza has about 30g of carbs per 100g.\n   - 350g of pizza: 350 * (30 / 100) = 105g carbs.\n\n4. 50.4g lemon: Lemons have about 9.3g of carbs per 100g.\n   - 50.4g of lemon: 50.4 * (9.3 / 100) = 4.69g carbs.\n\n5. 12.1g of Musk Lime: Limes have about 10.5g of carbs per 100g.\n   - 12.1g of lime: 12.1 * (10.5 / 100) = 1.27g carbs.\n\n6. 51.35g of Popia with Vegetarian Chicken: Assuming a typical popia has about 20g of carbs per 100g.\n   - 51.35g of popia: 51.35 * (20 / 100) = 10.27g carbs.\n\n7. 150g of syrup water and sugar: Assuming a typical sugar syrup has about 25g of carbs per 100g.\n   - 150g of syrup: 150 * (25 / 100) = 37.5g carbs.\n\nAdding up the carbohydrates from all items:\n0 + 16.56 + 105 + 4.69 + 1.27 + 10.27 + 37.5 = 175.29g carbs.\n\nOutput: {""total_carbohydrates"": 175.29}']",65.42999999999999
197,181.8,"['The meal consists of a 372-gram soft drink and a 482-gram burrito with meat, beans, and rice.\n\n1. **Soft Drink:**\n   - Soft drinks typically contain about 10g of carbohydrates per 100g.\n   - For 372g, the carbohydrates would be: 372 * (10 / 100) = 37.2g carbs.\n\n2. **Burrito with Meat, Beans, and Rice:**\n   - Burritos with meat, beans, and rice typically contain about 30g of carbohydrates per 100g.\n   - For 482g, the carbohydrates would be: 482 * (30 / 100) = 144.6g carbs.\n\n3. **Total Carbohydrates:**\n   - Total carbs = 37.2g (soft drink) + 144.6g (burrito) = 181.8g carbs.\n\n4. **Consistency Check:**\n   - Total energy from carbohydrates = 181.8g * 4 kcal/g = 727.2 kcal.\n   - This leaves 1173.26 kcal - 727.2 kcal = 446.06 kcal for fat and protein, which is reasonable given the presence of meat and beans in the burrito.\n\nOutput: {""total_carbohydrates"": 181.8}']","['Soft drink, cola', 'Burrito with meat, beans, and rice']",USA,"My lunch consists of a 372-gram soft drink and a burrito with meat, beans, and rice that weighs 482 grams.",123.37,53.08,1173.26,50.61,58.43000000000001,180.0,"['{""total_carbohydrates"": 180}']",56.629999999999995,181.8,"['The meal consists of a 372-gram soft drink and a 482-gram burrito with meat, beans, and rice.\n\n1. **Soft Drink:**\n   - A typical soft drink has about 10g of carbohydrates per 100g.\n   - For a 372g soft drink: \\( 372 \\times \\frac{10}{100} = 37.2 \\)g of carbohydrates.\n\n2. **Burrito:**\n   - A burrito with meat, beans, and rice typically has about 30g of carbohydrates per 100g.\n   - For a 482g burrito: \\( 482 \\times \\frac{30}{100} = 144.6 \\)g of carbohydrates.\n\n3. **Total Carbohydrates:**\n   - Total carbohydrates = 37.2g (soft drink) + 144.6g (burrito) = 181.8g\n\nOutput: {""total_carbohydrates"": 181.8}']",58.43000000000001
309,171.68,"['The meal consists of the following items:\n\n1. **Boiled Cranberry Beans (55 grams):**\n   - Boiled cranberry beans have approximately 20g of carbohydrates per 100g.\n   - 55g would contain (20 * 0.55) = 11g of carbohydrates.\n\n2. **Raw White Maize Flour Breakfast Meal (118 grams):**\n   - Raw white maize flour has approximately 73g of carbohydrates per 100g.\n   - 118g would contain (73 * 1.18) = 86.14g of carbohydrates.\n\n3. **Boiled Large Onion (10 grams):**\n   - Boiled onions have approximately 7g of carbohydrates per 100g.\n   - 10g would contain (7 * 0.1) = 0.7g of carbohydrates.\n\n4. **Boiled Ripe Tomato (34 grams):**\n   - Boiled tomatoes have approximately 4g of carbohydrates per 100g.\n   - 34g would contain (4 * 0.34) = 1.36g of carbohydrates.\n\n5. **Boiled Groundnuts (453 grams):**\n   - Boiled groundnuts have approximately 16g of carbohydrates per 100g.\n   - 453g would contain (16 * 4.53) = 72.48g of carbohydrates.\n\nNow, let\'s add up the carbohydrates from all items:\n- Cranberry Beans: 11g\n- White Maize Flour: 86.14g\n- Onion: 0.7g\n- Tomato: 1.36g\n- Groundnuts: 72.48g\n\nTotal carbohydrates = 11 + 86.14 + 0.7 + 1.36 + 72.48 = 171.68g\n\nConsistency check: 171.68g of carbohydrates * 4 kcal/g = 686.72 kcal from carbohydrates. The remaining 2070.0 kcal - 686.72 kcal = 1383.28 kcal would come from fats and proteins, which is plausible given the high-fat content of groundnuts.\n\nOutput: {""total_carbohydrates"": 171.68}']","['* beans,cranberry (solwezi),dried,raw *boiled*', '* maize flour,white variety,breakfast meal (refined),raw *bo', '* onion, large bulb, fresh, raw *boiled*', '* tomato,ripe,fresh,raw *boiled*', 'groundnuts,in-shell,dried,boiled']",ZMB,"For a snack, I had 55 grams of boiled cranberry beans, 118 grams of raw white maize flour breakfast meal, 10 grams of boiled large onion, 34 grams of boiled ripe tomato, and 453 grams of boiled groundnuts.",225.3,102.6,2070.0,82.9,53.620000000000005,276.5,"['{""total_carbohydrates"": 276.5}']",51.19999999999999,175.73,"['The meal consists of the following items:\n\n1. 55 grams of boiled cranberry beans\n2. 118 grams of raw white maize flour breakfast meal\n3. 10 grams of boiled large onion\n4. 34 grams of boiled ripe tomato\n5. 453 grams of boiled groundnuts\n\nLet\'s estimate the carbohydrates for each item:\n\n1. **Boiled cranberry beans**: Cranberry beans have about 27g of carbs per 100g when boiled. For 55g, the carbs are (27 * 55 / 100) = 14.85g.\n\n2. **Raw white maize flour breakfast meal**: Raw maize flour has about 73g of carbs per 100g. For 118g, the carbs are (73 * 118 / 100) = 86.14g.\n\n3. **Boiled large onion**: Onions have about 9g of carbs per 100g when boiled. For 10g, the carbs are (9 * 10 / 100) = 0.9g.\n\n4. **Boiled ripe tomato**: Tomatoes have about 4g of carbs per 100g when boiled. For 34g, the carbs are (4 * 34 / 100) = 1.36g.\n\n5. **Boiled groundnuts**: Groundnuts (peanuts) have about 16g of carbs per 100g when boiled. For 453g, the carbs are (16 * 453 / 100) = 72.48g.\n\nNow, let\'s add up the carbohydrates:\n\nTotal carbohydrates = 14.85 + 86.14 + 0.9 + 1.36 + 72.48 = 175.73g\n\nOutput: {""total_carbohydrates"": 175.73}']",49.57000000000002
521,22.87,"['The meal consists of:\n\n1. 4g of dried okra\n2. 105g of boiled millet flour\n3. 1g of salt\n4. 3g of liquid potassium salt\n5. 1g of stock cubes\n\nLet\'s estimate the carbohydrates for each component:\n\n1. **Dried Okra**: Dried okra has about 8g of carbohydrates per 100g. Therefore, 4g of dried okra contains:\n   \\[\n   4g \\times \\frac{8g}{100g} = 0.32g \\text{ carbs}\n   \\]\n\n2. **Boiled Millet Flour**: Boiled millet flour has about 21g of carbohydrates per 100g. Therefore, 105g of boiled millet flour contains:\n   \\[\n   105g \\times \\frac{21g}{100g} = 22.05g \\text{ carbs}\n   \\]\n\n3. **Salt**: Salt contains 0g of carbohydrates.\n\n4. **Liquid Potassium Salt**: This is typically a salt substitute and contains 0g of carbohydrates.\n\n5. **Stock Cubes**: Stock cubes generally contain negligible carbohydrates, approximately 0.5g per cube. Therefore, 1g of stock cubes contains:\n   \\[\n   0.5g \\text{ carbs (approx)}\n   \\]\n\nAdding up the carbohydrates:\n\\[\n0.32g + 22.05g + 0g + 0g + 0.5g = 22.87g \\text{ carbs}\n\\]\n\nConsistency check: 22.87g of carbohydrates * 4 kcal/g = 91.48 kcal from carbohydrates. The remaining 310.52 kcal (402.0 kcal - 91.48 kcal) would come from protein and fat, which is reasonable given the presence of millet flour and stock cubes.\n\nOutput: {""total_carbohydrates"": 22.87}']","['Dried vegetables, SOURCE-COMMODITIES = Okra, PROCESS = Boiling', 'Millet flour, PROCESS = Drying (dehydration), PROCESS = Boiling, PART-CONSUMED-ANALYSED = With husks', 'Salt,  PROCESS=Boiling', 'Salt, INGREDIENT = Potassium, PHYSICAL-STATE = Liquid', 'Stock cubes or granulate (bouillon base)']",BFA,"I’ve got a snack that includes 4g of dried okra, 105g of boiled millet flour, 1g of salt, 3g of liquid potassium salt, and 1g of stock cubes.",76.2,4.5,402.0,12.2,53.33,82.5,"['{""total_carbohydrates"": 82.5}']",6.299999999999997,22.0,"['The meal consists of 4g of dried okra, 105g of boiled millet flour, 1g of salt, 3g of liquid potassium salt, and 1g of stock cubes.\n\n1. Dried okra: 4g of dried okra has approximately 0.8g of carbs (assuming about 20g of carbs per 100g).\n2. Boiled millet flour: 105g of boiled millet flour has approximately 21g of carbs (assuming about 20g of carbs per 100g when boiled).\n3. Salt: 1g of salt has 0g of carbs.\n4. Liquid potassium salt: 3g of liquid potassium salt has 0g of carbs.\n5. Stock cubes: 1g of stock cubes has approximately 0.2g of carbs (assuming about 20g of carbs per 100g).\n\nTotal carbohydrates = 0.8 + 21 + 0 + 0 + 0.2 = 22\n\nOutput: {""total_carbohydrates"": 22}']",54.2
463,56.71,"['The meal consists of the following items:\n\n1. **Brinjal Bhaji (51.5g):** \n   - Brinjal Bhaji typically contains about 6g of carbohydrates per 100g.\n   - 51.5g * (6 / 100) = 3.09g carbs.\n\n2. **Assorted Cookies (8g):**\n   - Cookies generally contain about 70g of carbohydrates per 100g.\n   - 8g * (70 / 100) = 5.6g carbs.\n\n3. **Jowar Roti (58.9g):**\n   - Jowar Roti contains about 22g of carbohydrates per 100g.\n   - 58.9g * (22 / 100) = 12.96g carbs.\n\n4. **Milk Tea (48g):**\n   - Milk tea typically contains about 10g of carbohydrates per 100g.\n   - 48g * (10 / 100) = 4.8g carbs.\n\n5. **Cow\'s Milk (103g):**\n   - Cow\'s milk contains about 5g of carbohydrates per 100g.\n   - 103g * (5 / 100) = 5.15g carbs.\n\n6. **Sambar (55.6g):**\n   - Sambar contains about 8g of carbohydrates per 100g.\n   - 55.6g * (8 / 100) = 4.45g carbs.\n\n7. **Rice (73.8g):**\n   - Cooked rice contains about 28g of carbohydrates per 100g.\n   - 73.8g * (28 / 100) = 20.66g carbs.\n\nNow, let\'s add up the carbohydrates from all items:\n\n- Brinjal Bhaji: 3.09g\n- Assorted Cookies: 5.6g\n- Jowar Roti: 12.96g\n- Milk Tea: 4.8g\n- Cow\'s Milk: 5.15g\n- Sambar: 4.45g\n- Rice: 20.66g\n\nTotal carbohydrates = 3.09 + 5.6 + 12.96 + 4.8 + 5.15 + 4.45 + 20.66 = 56.71g\n\nOutput: {""total_carbohydrates"": 56.71}']","['Brinjal (badne kai) Bhaji', 'Cookies, assorted ready made ', 'Jowar Roti', 'Milk Tea', 'Milk, cow', 'Red Gram Dhal or Sambar', 'Rice']",IND,"I have a breakfast spread with 51.5 grams of Brinjal Bhaji, 8 grams of assorted cookies, and 58.9 grams of Jowar Roti, along with 48 grams of milk tea, 103 grams of cow's milk, 55.6 grams of Sambar, and 73.8 grams of rice.",109.9,23.9,705.0,16.5,53.190000000000005,97.5,"['{""total_carbohydrates"": 97.5}']",12.400000000000006,67.85,"['The meal consists of the following items with their respective serving sizes:\n\n1. Brinjal Bhaji: 51.5 grams\n2. Assorted cookies: 8 grams\n3. Jowar Roti: 58.9 grams\n4. Milk tea: 48 grams\n5. Cow\'s milk: 103 grams\n6. Sambar: 55.6 grams\n7. Rice: 73.8 grams\n\nNow, let\'s estimate the carbohydrates for each item:\n\n1. Brinjal Bhaji: Typically, brinjal bhaji is low in carbohydrates. Assuming about 5g of carbs per 100g, 51.5g would have approximately 2.58g of carbs.\n2. Assorted cookies: Cookies generally have about 70g of carbs per 100g. So, 8g would have approximately 5.6g of carbs.\n3. Jowar Roti: Jowar roti has about 22g of carbs per 50g. So, 58.9g would have approximately 25.9g of carbs.\n4. Milk tea: Assuming milk tea has about 5g of carbs per 100g, 48g would have approximately 2.4g of carbs.\n5. Cow\'s milk: Cow\'s milk has about 5g of carbs per 100g. So, 103g would have approximately 5.15g of carbs.\n6. Sambar: Sambar typically has about 10g of carbs per 100g. So, 55.6g would have approximately 5.56g of carbs.\n7. Rice: Cooked rice has about 28g of carbs per 100g. So, 73.8g would have approximately 20.66g of carbs.\n\nNow, let\'s add up the carbohydrates from all items:\n\nTotal carbohydrates = 2.58 + 5.6 + 25.9 + 2.4 + 5.15 + 5.56 + 20.66 = 67.85\n\nOutput: {""total_carbohydrates"": 67.85}']",42.05000000000001
388,12.64,"['The meal consists of 96g of pelargon and 8.8g of refined sugar.\n\n1. Pelargon is a type of fermented milk product similar to yogurt. It typically contains about 4g of carbohydrates per 100g.\n   - For 96g of pelargon: 96g * (4 / 100) = 3.84g of carbohydrates.\n\n2. Refined sugar is pure carbohydrate, so 8.8g of refined sugar contains 8.8g of carbohydrates.\n\n3. Total carbohydrates = 3.84g (from pelargon) + 8.8g (from sugar) = 12.64g of carbohydrates.\n\nConsistency check:\n- Total carbohydrates = 12.64g\n- Energy from carbohydrates = 12.64g * 4 kcal/g = 50.56 kcal\n- Remaining energy for fat and protein = 472.0 kcal - 50.56 kcal = 421.44 kcal\n\nThis is reasonable given that pelargon, being a dairy product, contains protein and fat which contribute to the remaining calories.\n\nOutput: {""total_carbohydrates"": 12.64}']","['PELARGON, WITH IRON', 'SUGAR, WHITE, REFINED']",PHL,"For my snack, I’m having 96g of pelargon along with 8.8g of refined sugar.",64.11,16.32,472.0,15.84,51.47,54.8,"['{""total_carbohydrates"": 54.8}']",9.310000000000002,12.64,"['The meal consists of 96g of pelargon and 8.8g of refined sugar.\n\n1. Pelargon is a type of fermented milk product similar to yogurt. Assuming it is similar to plain yogurt, 100g of plain yogurt typically contains about 4g of carbohydrates. Therefore, 96g of pelargon would contain approximately:\n   \\[\n   96 \\times \\frac{4}{100} = 3.84 \\text{g of carbohydrates}\n   \\]\n\n2. Refined sugar is pure carbohydrate, so 8.8g of refined sugar contains 8.8g of carbohydrates.\n\nAdding these together gives the total carbohydrates:\n\\[\n3.84 + 8.8 = 12.64 \\text{g of carbohydrates}\n\\]\n\nOutput: {""total_carbohydrates"": 12.64}']",51.47
411,80.105,"['The meal consists of 135g of maize-based tortilla and 387.1g of chicken soup that includes giblets and pasta.\n\n1. **Maize-based tortilla:**\n   - Maize-based tortillas typically contain about 45g of carbohydrates per 100g.\n   - Therefore, 135g of tortilla would contain (45 * 1.35) = 60.75g of carbohydrates.\n\n2. **Chicken soup with giblets and pasta:**\n   - Chicken soup with giblets and pasta typically contains about 5g of carbohydrates per 100g.\n   - Therefore, 387.1g of soup would contain (5 * 3.871) = 19.355g of carbohydrates.\n\n3. **Total carbohydrates:**\n   - Total carbohydrates = 60.75g (tortilla) + 19.355g (soup) = 80.105g.\n\n4. **Consistency check:**\n   - 80.105g of carbohydrates * 4 kcal/g = 320.42 kcal from carbohydrates.\n   - This leaves 750.0 kcal - 320.42 kcal = 429.58 kcal for protein and fat, which is reasonable given the presence of chicken, giblets, and pasta.\n\nOutput: {""total_carbohydrates"": 80.105}']","['CHICKEN SOUP W/CHICKEN GIBLET, PASTA & LOROCO (FERNALDIA FIDDLE SHAPE)', 'TORTILLA, MAIZE BASED']",GTM,I'm snacking on 135g of maize-based tortilla and 387.1g of chicken soup that includes giblets and pasta.,130.11,13.31,750.0,30.56,50.00500000000001,88.5,"['{""total_carbohydrates"": 88.5}']",41.610000000000014,107.105,"['The meal consists of 135g of maize-based tortilla and 387.1g of chicken soup that includes giblets and pasta.\n\n1. **Maize-based tortilla:**\n   - 100g of maize-based tortilla typically contains about 65g of carbohydrates.\n   - Therefore, 135g of maize-based tortilla contains (135/100) * 65 = 87.75g of carbohydrates.\n\n2. **Chicken soup with giblets and pasta:**\n   - Chicken soup with giblets and pasta can vary widely in carbohydrate content depending on the amount of pasta and other ingredients.\n   - A typical serving of chicken soup with pasta might have around 5g of carbohydrates per 100g.\n   - Therefore, 387.1g of chicken soup with pasta contains (387.1/100) * 5 = 19.355g of carbohydrates.\n\nAdding these together gives the total carbohydrates:\n87.75g (tortilla) + 19.355g (soup) = 107.105g\n\nOutput: {""total_carbohydrates"": 107.105}']",23.00500000000001
373,66.32,"['The meal consists of 122.6g of chapatti with ghee, 35.6g of mango pickle, and 18.4g of potato curry.\n\n1. **Chapatti with Ghee:**\n   - A standard chapatti (about 40g) has approximately 20g of carbohydrates.\n   - 122.6g of chapatti would be about 3 chapattis.\n   - Carbohydrates from chapatti: 3 * 20g = 60g.\n   - Ghee contributes 0g of carbohydrates.\n\n2. **Mango Pickle:**\n   - Mango pickle typically has about 10g of carbohydrates per 100g.\n   - 35.6g of mango pickle would have approximately 3.56g of carbohydrates.\n\n3. **Potato Curry:**\n   - Potato curry typically has about 15g of carbohydrates per 100g.\n   - 18.4g of potato curry would have approximately 2.76g of carbohydrates.\n\n4. **Total Carbohydrates:**\n   - Total carbohydrates = 60g (chapatti) + 3.56g (mango pickle) + 2.76g (potato curry) = 66.32g.\n\n5. **Consistency Check:**\n   - 66.32g of carbohydrates * 4 kcal/g = 265.28 kcal from carbohydrates.\n   - The remaining 713.0 kcal - 265.28 kcal = 447.72 kcal would come from fats and proteins, which is reasonable given the presence of ghee and the other components.\n\nOutput: {""total_carbohydrates"": 66.32}']","['Chapatti, brown rice flour with ghee', 'Mango pickle', 'Potato curry']",PAK,"I'm enjoying 122.6g of chapatti with ghee, paired with 35.6g of mango pickle and 18.4g of potato curry for dinner.",113.0,23.700000000000003,713.0,10.8,46.68000000000001,88.5,"['{""total_carbohydrates"": 88.5}']",24.5,69.95,"['The meal consists of 122.6g of chapatti with ghee, 35.6g of mango pickle, and 18.4g of potato curry.\n\n1. **Chapatti with ghee**: \n   - Chapatti typically has about 49g of carbs per 100g. \n   - 122.6g of chapatti would have approximately (122.6 * 49 / 100) = 60.07g of carbs.\n   - Ghee contributes 0g of carbs.\n\n2. **Mango pickle**:\n   - Mango pickle has about 20g of carbs per 100g.\n   - 35.6g of mango pickle would have approximately (35.6 * 20 / 100) = 7.12g of carbs.\n\n3. **Potato curry**:\n   - Potato curry has about 15g of carbs per 100g.\n   - 18.4g of potato curry would have approximately (18.4 * 15 / 100) = 2.76g of carbs.\n\nAdding up the carbohydrates from all items:\n- Total carbs = 60.07 + 7.12 + 2.76 = 69.95\n\nOutput: {""total_carbohydrates"": 69.95}']",43.05
474,67.54,"['The meal consists of the following items:\n\n1. **Boiled Amaranth Leaves (139.5g):** \n   - Amaranth leaves are low in carbohydrates. Approximately 4g of carbs per 100g.\n   - 139.5g * (4 / 100) = 5.58g carbs.\n\n2. **Steamed Chives (12.1g):**\n   - Chives are also low in carbohydrates. Approximately 4g of carbs per 100g.\n   - 12.1g * (4 / 100) = 0.48g carbs.\n\n3. **Red Palm Oil (36.2g):**\n   - Palm oil contains 0g of carbohydrates.\n\n4. **Boiled Peanuts (38.8g):**\n   - Boiled peanuts have about 16g of carbs per 100g.\n   - 38.8g * (16 / 100) = 6.21g carbs.\n\n5. **Ready-to-Eat Maize Porridge (365.0g):**\n   - Maize porridge typically contains about 15g of carbs per 100g.\n   - 365.0g * (15 / 100) = 54.75g carbs.\n\n6. **Salt (4.6g):**\n   - Salt contains 0g of carbohydrates.\n\n7. **Dried Beef Stock (0.4g):**\n   - Dried beef stock contains negligible carbohydrates, approximately 0g.\n\n8. **Boiled Tomatoes (12.9g):**\n   - Tomatoes have about 4g of carbs per 100g.\n   - 12.9g * (4 / 100) = 0.52g carbs.\n\nNow, let\'s add up the carbohydrates from all items:\n\n- Amaranth Leaves: 5.58g\n- Chives: 0.48g\n- Palm Oil: 0g\n- Peanuts: 6.21g\n- Maize Porridge: 54.75g\n- Salt: 0g\n- Beef Stock: 0g\n- Tomatoes: 0.52g\n\nTotal carbohydrates = 5.58 + 0.48 + 0 + 6.21 + 54.75 + 0 + 0 + 0.52 = 67.54g\n\nOutput: {""total_carbohydrates"": 67.54}']","['Amaranth leaves, PROCESS = Boiling, QUALITATIVE-INFO = Without added salt', 'Chives, PROCESS = Steaming', 'Palm oil/fat, QUALITATIVE-INFO = Red', 'Peanuts, PROCESS = Boiling', 'Porridge water based (ready to eat), INGREDIENT = Maize grain, QUALITATIVE-INFO = Hard', 'Salt', 'Stock cube or granulate, beef, PROCESS = Drying (dehydration), GENERIC-TERM = Other', 'Tomatoes, PROCESS = Boiling, QUALITATIVE-INFO = Ripe / mature, QUALITATIVE-INFO = Without added salt, QUALITATIVE-INFO = Red']",COD,"For breakfast, I'm having 139.5g of boiled amaranth leaves, 12.1g of steamed chives, and 36.2g of red palm oil. I also have 38.8g of boiled peanuts, a hearty serving of 365.0g of ready-to-eat maize porridge, a pinch of 4.6g of salt, and a touch of 0.4g of dried beef stock for flavor. To round it off, I'm enjoying 12.9g of ripe, red tomatoes that I boiled without added salt.",113.9,48.400000000000006,947.0,21.1,46.36,109.5,"['{""total_carbohydrates"": 109.5}']",4.400000000000006,67.62,"['The meal consists of the following items:\n\n1. 139.5g of boiled amaranth leaves\n2. 12.1g of steamed chives\n3. 36.2g of red palm oil\n4. 38.8g of boiled peanuts\n5. 365.0g of ready-to-eat maize porridge\n6. 4.6g of salt\n7. 0.4g of dried beef stock\n8. 12.9g of boiled ripe, red tomatoes\n\nLet\'s estimate the carbohydrates for each item:\n\n1. Boiled amaranth leaves: Approximately 4g of carbs per 100g. For 139.5g, the carbs are (4 * 139.5 / 100) = 5.58g.\n2. Steamed chives: Approximately 4.35g of carbs per 100g. For 12.1g, the carbs are (4.35 * 12.1 / 100) = 0.53g.\n3. Red palm oil: Contains 0g of carbs.\n4. Boiled peanuts: Approximately 16.13g of carbs per 100g. For 38.8g, the carbs are (16.13 * 38.8 / 100) = 6.26g.\n5. Ready-to-eat maize porridge: Approximately 15g of carbs per 100g. For 365.0g, the carbs are (15 * 365 / 100) = 54.75g.\n6. Salt: Contains 0g of carbs.\n7. Dried beef stock: Contains negligible carbs, approximately 0g.\n8. Boiled ripe, red tomatoes: Approximately 3.89g of carbs per 100g. For 12.9g, the carbs are (3.89 * 12.9 / 100) = 0.50g.\n\nNow, let\'s add up the carbohydrates:\n\nTotal carbohydrates = 5.58 + 0.53 + 0 + 6.26 + 54.75 + 0 + 0 + 0.50 = 67.62g\n\nOutput: {""total_carbohydrates"": 67.62}']",46.28
457,52.275,"['The meal consists of the following items:\n\n1. **250g of orange-flavored liquid**: This is likely a beverage similar to orange juice. Orange juice typically contains about 10g of carbohydrates per 100g.\n   - 250g * (10 / 100) = 25g carbs\n\n2. **73.5g of chop suey with chicken**: Chop suey with chicken is primarily protein and vegetables, with a small amount of carbohydrates. It typically contains about 5g of carbohydrates per 100g.\n   - 73.5g * (5 / 100) = 3.675g carbs\n\n3. **27g of French fries**: French fries contain about 35g of carbohydrates per 100g.\n   - 27g * (35 / 100) = 9.45g carbs\n\n4. **95.4g hamburger**: A hamburger (without the bun) contains minimal carbohydrates, mostly from any condiments or fillers. Assuming about 5g of carbohydrates per 100g.\n   - 95.4g * (5 / 100) = 4.77g carbs\n\n5. **93.8g ginger ale**: Ginger ale typically contains about 10g of carbohydrates per 100g.\n   - 93.8g * (10 / 100) = 9.38g carbs\n\nNow, let\'s add up the carbohydrates from all items:\n- Orange-flavored liquid: 25g\n- Chop suey with chicken: 3.675g\n- French fries: 9.45g\n- Hamburger: 4.77g\n- Ginger ale: 9.38g\n\nTotal carbohydrates = 25 + 3.675 + 9.45 + 4.77 + 9.38 = 52.275g\n\nOutput: {""total_carbohydrates"": 52.275}']","['ARTIFICIAL BEVERAGE, LIQUID COMMERCIAL, ORANGE FLAVOUR', 'CHOP SUEY W/CHICKEN', 'FRENCH FRIES, PREPARED', 'HAMBURGER', 'SOFT DRINK, GINGER ALE']",CRI,"At dinner, I’m enjoying 250g of orange-flavored liquid, 73.5g of chop suey with chicken, some French fries that are 27g, a 95.4g hamburger, and also a 93.8g ginger ale.",98.25,34.7,775.0,18.53,45.975,97.5,"['{""total_carbohydrates"": 97.5}']",0.75,75.045,"['The meal consists of the following items:\n1. 250g of orange-flavored liquid\n2. 73.5g of chop suey with chicken\n3. 27g of French fries\n4. 95.4g hamburger\n5. 93.8g ginger ale\n\nLet\'s estimate the carbohydrates for each item:\n\n1. **Orange-flavored liquid (250g):** Assuming this is similar to orange juice, which has about 10g of carbs per 100g, the carbs would be 250g * (10 / 100) = 25g carbs.\n\n2. **Chop suey with chicken (73.5g):** Chop suey with chicken typically has about 5g of carbs per 100g. So, 73.5g * (5 / 100) = 3.675g carbs.\n\n3. **French fries (27g):** French fries have about 31g of carbs per 100g. So, 27g * (31 / 100) = 8.37g carbs.\n\n4. **Hamburger (95.4g):** A hamburger (including the bun) has about 30g of carbs per 100g. So, 95.4g * (30 / 100) = 28.62g carbs.\n\n5. **Ginger ale (93.8g):** Ginger ale has about 10g of carbs per 100g. So, 93.8g * (10 / 100) = 9.38g carbs.\n\nNow, let\'s add up the carbohydrates from all items:\nTotal carbs = 25 + 3.675 + 8.37 + 28.62 + 9.38 = 75.045\n\nOutput: {""total_carbohydrates"": 75.045}']",23.205
374,65.96,"['The meal consists of 122.6 grams of chapatti with ghee, 10.2 grams of split green gram curry, and 18.4 grams of potato curry.\n\n1. **Chapatti with Ghee:**\n   - A standard chapatti (about 40g) has approximately 20g of carbohydrates.\n   - 122.6g of chapatti would have (122.6 / 40) * 20 = 61.3g of carbohydrates.\n   - Ghee contributes 0g of carbohydrates.\n\n2. **Split Green Gram Curry:**\n   - Split green gram (moong dal) curry has about 15g of carbohydrates per 100g.\n   - 10.2g of curry would have (10.2 / 100) * 15 = 1.53g of carbohydrates.\n\n3. **Potato Curry:**\n   - Potato curry has about 17g of carbohydrates per 100g.\n   - 18.4g of curry would have (18.4 / 100) * 17 = 3.13g of carbohydrates.\n\n4. **Total Carbohydrates:**\n   - Total = 61.3 + 1.53 + 3.13 = 65.96g of carbohydrates.\n\n5. **Consistency Check:**\n   - 65.96g of carbohydrates * 4 kcal/g = 263.84 kcal from carbohydrates.\n   - The remaining 576.0 kcal - 263.84 kcal = 312.16 kcal would come from fats and proteins, which is reasonable given the presence of ghee and the curries.\n\nOutput: {""total_carbohydrates"": 65.96}']","['Chapatti, brown rice flour with ghee', 'Green gram, split, curry', 'Potato curry']",PAK,"For lunch, I have 122.6 grams of chapatti with ghee, along with a small serving of 10.2g split green gram curry and 18.4g potato curry.",111.3,8.9,576.0,10.7,45.34,82.5,"['{""total_carbohydrates"": 82.5}']",28.799999999999997,59.83,"['The meal consists of 122.6g of chapatti with ghee, 10.2g of split green gram curry, and 18.4g of potato curry.\n\n1. Chapatti with ghee: \n   - A standard chapatti (about 40g) has approximately 18g of carbs. \n   - 122.6g of chapatti would be about 3 times the standard size, so 18g * (122.6 / 40) = 55.17g of carbs.\n\n2. Split green gram curry:\n   - Split green gram (moong dal) has about 15g of carbs per 100g.\n   - 10.2g of split green gram curry would have 15 * (10.2 / 100) = 1.53g of carbs.\n\n3. Potato curry:\n   - Potatoes have about 17g of carbs per 100g.\n   - 18.4g of potato curry would have 17 * (18.4 / 100) = 3.13g of carbs.\n\nAdding these up gives the total carbohydrates:\n55.17 + 1.53 + 3.13 = 59.83\n\nOutput: {""total_carbohydrates"": 59.83}']",51.47
484,39.0,"['The meal consists of:\n\n1. 112g omelet\n2. 100g polished steamed rice\n3. 180g yogurt\n4. 400g water\n\nLet\'s estimate the carbohydrates for each item:\n\n1. **Omelet (112g):** Omelets are primarily made of eggs, which have very low carbohydrate content. A typical omelet might have around 1-2g of carbs per 100g. For 112g, this would be approximately 1.12g to 2.24g of carbs. Let\'s use 2g for simplicity.\n\n2. **Polished steamed rice (100g):** Cooked white rice typically contains about 28g of carbohydrates per 100g.\n\n3. **Yogurt (180g):** Plain yogurt typically contains about 4-6g of carbohydrates per 100g. For 180g, this would be approximately 7.2g to 10.8g of carbs. Let\'s use 9g for simplicity.\n\n4. **Water (400g):** Water contains 0g of carbohydrates.\n\nNow, let\'s add up the carbohydrates:\n\n- Omelet: 2g\n- Rice: 28g\n- Yogurt: 9g\n\nTotal carbohydrates = 2 + 28 + 9 = 39g\n\nConsistency check: 39g of carbohydrates * 4 kcal/g = 156 kcal from carbohydrates. The remaining 794 kcal - 156 kcal = 638 kcal would come from protein and fat, which is reasonable given the presence of an omelet and yogurt.\n\nOutput: {""total_carbohydrates"": 39}']","['Drink water/ Nam Deum', 'Omlet hen egg/ Cheun Khai Kai', 'Rice glutinous, polished, steamed/ Khao Niew', 'Yoghurt drinking UHT/ Nom Som UHT']",LAO,"I’m enjoying 400 grams of water with my 112g omelet, 100g of polished steamed rice, and 180g of yogurt for dinner.",83.51,40.63,794.0,24.62,44.510000000000005,54.5,"['{""total_carbohydrates"": 54.5}']",29.010000000000005,42.6,"['The meal consists of 400g of water, 112g of omelet, 100g of polished steamed rice, and 180g of yogurt.\n\n1. Water contributes 0g of carbohydrates.\n2. Omelet: Typically, an omelet is low in carbohydrates. Assuming the omelet is made primarily of eggs, 112g of omelet would have approximately 1-2g of carbohydrates.\n3. Polished steamed rice: 100g of cooked white rice has about 28g of carbohydrates.\n4. Yogurt: 180g of plain yogurt (assuming it\'s unsweetened) has about 7g of carbohydrates per 100g, so 180g would have approximately 12.6g of carbohydrates.\n\nAdding these up:\n- Omelet: 2g\n- Rice: 28g\n- Yogurt: 12.6g\n\nTotal carbohydrates = 2 + 28 + 12.6 = 42.6\n\nOutput: {""total_carbohydrates"": 42.6}']",40.910000000000004
489,94.74,"['The meal consists of the following items:\n\n1. 34.5g of cake sponge\n2. 50g of plain water\n3. 95.2g of jellies\n4. 9g of grilled pork seasoned with salt\n5. 97g of steamed glutinous rice\n\nLet\'s estimate the carbohydrates for each item:\n\n1. **Cake sponge**: Cake sponge typically contains about 50g of carbohydrates per 100g.\n   - 34.5g of cake sponge: \\(34.5 \\times \\frac{50}{100} = 17.25\\)g of carbohydrates.\n\n2. **Plain water**: Water contains 0g of carbohydrates.\n\n3. **Jellies**: Jellies typically contain about 60g of carbohydrates per 100g.\n   - 95.2g of jellies: \\(95.2 \\times \\frac{60}{100} = 57.12\\)g of carbohydrates.\n\n4. **Grilled pork seasoned with salt**: Pork contains negligible carbohydrates, so we can assume 0g of carbohydrates.\n\n5. **Steamed glutinous rice**: Steamed glutinous rice typically contains about 21g of carbohydrates per 100g.\n   - 97g of steamed glutinous rice: \\(97 \\times \\frac{21}{100} = 20.37\\)g of carbohydrates.\n\nNow, let\'s add up the carbohydrates from all items:\n\n- Total carbohydrates = 17.25g (cake sponge) + 0g (water) + 57.12g (jellies) + 0g (pork) + 20.37g (glutinous rice) = 94.74g\n\nConsistency check: 94.74g of carbohydrates * 4 kcal/g = 378.96 kcal from carbohydrates. This leaves 594.0 kcal - 378.96 kcal = 215.04 kcal for protein and fat, which is reasonable given the presence of pork and cake sponge.\n\nOutput: {""total_carbohydrates"": 94.74}']","['Cake sponge commercially prepared / Kha Nom Khai', 'Drink water/ Nam Deum', 'Jellies / Jellies', 'Pork meat mixed salt, grilled/ Ping Sin Mou', 'Rice glutinous, polished, steamed/ Khao Niew']",LAO,"My breakfast consists of 34.5g of cake sponge, 50g of plain water, 95.2g of jellies, 9g of grilled pork seasoned with salt, and 97g of steamed glutinous rice.",137.01,2.63,594.0,9.39,42.269999999999996,118.5,"['{""total_carbohydrates"": 118.5}']",18.50999999999999,94.74,"['The meal consists of 34.5g of cake sponge, 50g of plain water, 95.2g of jellies, 9g of grilled pork seasoned with salt, and 97g of steamed glutinous rice.\n\n1. 34.5g of cake sponge: Cake sponge typically has about 50g of carbs per 100g. So, 34.5g would have (34.5 * 50 / 100) = 17.25g of carbs.\n\n2. 50g of plain water: Water has 0g of carbs.\n\n3. 95.2g of jellies: Jellies typically have about 60g of carbs per 100g. So, 95.2g would have (95.2 * 60 / 100) = 57.12g of carbs.\n\n4. 9g of grilled pork seasoned with salt: Pork has negligible carbs, so we can assume 0g of carbs.\n\n5. 97g of steamed glutinous rice: Steamed glutinous rice typically has about 21g of carbs per 100g. So, 97g would have (97 * 21 / 100) = 20.37g of carbs.\n\nAdding these up, the total carbohydrates = 17.25 + 0 + 57.12 + 0 + 20.37 = 94.74g.\n\nOutput: {""total_carbohydrates"": 94.74}']",42.269999999999996
401,73.01,"['The meal consists of 290g of injera made from red teff and 150.1g of shiro wot pea stew.\n\n1. **Injera (290g):**\n   - Injera made from teff typically contains about 20g of carbohydrates per 100g.\n   - Therefore, 290g of injera would contain (20 * 2.9) = 58g of carbohydrates.\n\n2. **Shiro Wot (150.1g):**\n   - Shiro wot, a stew made from chickpea or pea flour, typically contains about 10g of carbohydrates per 100g.\n   - Therefore, 150.1g of shiro wot would contain (10 * 1.501) = 15.01g of carbohydrates.\n\n3. **Total Carbohydrates:**\n   - Total carbohydrates = 58g (injera) + 15.01g (shiro wot) = 73.01g of carbohydrates.\n\n4. **Consistency Check:**\n   - 73.01g of carbohydrates * 4 kcal/g = 292.04 kcal from carbohydrates.\n   - This leaves 565.0 kcal - 292.04 kcal = 272.96 kcal for protein and fat, which is reasonable given the presence of protein and fat in both injera and shiro wot.\n\nOutput: {""total_carbohydrates"": 73.01}']","['Injera, red teff, fermented ', 'Pea stew (shiro wot) (with chili powder, salt, oil, red onion)']",ETH,I made a lunch with 290g of injera made from red teff and 150.1g of shiro wot pea stew flavored with chili powder and red onion.,114.5,5.6,565.0,14.2,41.489999999999995,108.5,"['{""total_carbohydrates"": 108.5}']",6.0,80.515,"['The meal consists of 290g of injera made from red teff and 150.1g of shiro wot pea stew.\n\n1. Injera made from red teff: \n   - Injera typically has about 20g of carbohydrates per 100g.\n   - For 290g of injera: 290 * (20 / 100) = 58g of carbohydrates.\n\n2. Shiro wot pea stew:\n   - Shiro wot is a stew made primarily from chickpea flour, which is high in carbohydrates.\n   - It typically has about 15g of carbohydrates per 100g.\n   - For 150.1g of shiro wot: 150.1 * (15 / 100) = 22.515g of carbohydrates.\n\nAdding them together:\nTotal carbohydrates = 58 + 22.515 = 80.515g\n\nOutput: {""total_carbohydrates"": 80.515}']",33.985
54,81.552,"['The meal consists of a large frozen meal with 468.0g of fried chicken, potatoes, and vegetables, and a 372.0g soft drink cola.\n\n1. **Soft Drink Cola:**\n   - 372.0g of cola is approximately 372ml.\n   - Cola typically contains about 10.6g of carbohydrates per 100ml.\n   - Therefore, 372ml of cola contains (372 * 10.6 / 100) = 39.432g of carbohydrates.\n\n2. **Fried Chicken, Potatoes, and Vegetables:**\n   - The total weight of this part of the meal is 468.0g.\n   - Fried chicken itself is low in carbohydrates, but potatoes and vegetables contribute significantly.\n   - Assuming a typical distribution in such a meal, let\'s estimate:\n     - Potatoes and vegetables might make up about 60% of the meal, with fried chicken making up the remaining 40%.\n     - 60% of 468.0g = 280.8g for potatoes and vegetables.\n     - Potatoes and vegetables typically contain about 15g of carbohydrates per 100g.\n     - Therefore, 280.8g of potatoes and vegetables contain (280.8 * 15 / 100) = 42.12g of carbohydrates.\n\n3. **Total Carbohydrates:**\n   - Add the carbohydrates from the cola and the potatoes/vegetables.\n   - Total carbohydrates = 39.432g (cola) + 42.12g (potatoes and vegetables) = 81.552g.\n\n4. **Consistency Check:**\n   - Total carbohydrates = 81.552g.\n   - Energy from carbohydrates = 81.552g * 4 kcal/g = 326.208 kcal.\n   - The remaining energy (1092.24 kcal - 326.208 kcal = 766.032 kcal) is reasonable for the protein and fat content from the fried chicken and any additional fats in the meal.\n\nOutput: {""total_carbohydrates"": 81.552}']","['Chicken, fried, with potatoes, vegetable, dessert, frozen meal, large meat portion', 'Soft drink, cola']",USA,"For breakfast, I'm having a large frozen meal with 468.0g of fried chicken, potatoes, and vegetables, along with a 372.0g soft drink cola.",122.97,47.36,1092.24,50.87,41.41799999999999,150.0,"['{""total_carbohydrates"": 150}']",27.03,203.232,"['The meal consists of a large frozen meal with 468.0g of fried chicken, potatoes, and vegetables, and a 372.0g soft drink cola.\n\n1. The 372.0g soft drink cola: \n   - A typical cola has about 10.6g of carbohydrates per 100g.\n   - 372.0g of cola has (372.0 * 10.6 / 100) = 39.432g of carbohydrates.\n\n2. The 468.0g frozen meal:\n   - The meal contains fried chicken, potatoes, and vegetables. \n   - Fried chicken typically has low carbohydrates, but potatoes and vegetables contribute more.\n   - Without specific breakdowns, we can estimate based on typical frozen meal compositions.\n   - Assuming the meal is balanced, potatoes and vegetables might contribute around 30-40% of the weight in carbohydrates.\n   - Let\'s estimate 35% of the meal\'s weight is carbohydrates: 468.0g * 0.35 = 163.8g of carbohydrates.\n\nAdding these together:\n- Total carbohydrates = 39.432g (cola) + 163.8g (frozen meal) = 203.232g\n\nOutput: {""total_carbohydrates"": 203.232}']",80.262
473,36.79,"['The meal consists of the following items:\n\n1. **Boiled cassava leaves (163.8g)**: Cassava leaves are low in carbohydrates. They contain about 1.8g of carbs per 100g.\n   - Carbs = 163.8g * (1.8 / 100) = 2.95g\n\n2. **Steamed chives (2.3g)**: Chives are very low in carbohydrates, approximately 4.4g per 100g.\n   - Carbs = 2.3g * (4.4 / 100) = 0.10g\n\n3. **Coffee (233.0g)**: Black coffee contains negligible carbohydrates.\n   - Carbs = 0g\n\n4. **Grilled yellow maize (85.0g)**: Grilled maize has about 19g of carbs per 100g.\n   - Carbs = 85.0g * (19 / 100) = 16.15g\n\n5. **Red palm oil (58.2g)**: Palm oil contains no carbohydrates.\n   - Carbs = 0g\n\n6. **Boiled peanuts (16.5g)**: Boiled peanuts have about 7.5g of carbs per 100g.\n   - Carbs = 16.5g * (7.5 / 100) = 1.24g\n\n7. **Ready-to-eat maize porridge (109.0g)**: Maize porridge typically contains about 15g of carbs per 100g.\n   - Carbs = 109.0g * (15 / 100) = 16.35g\n\n8. **Salt (2.1g)**: Salt contains no carbohydrates.\n   - Carbs = 0g\n\n9. **Dried beef stock cube (0.5g)**: Stock cubes contain negligible carbohydrates.\n   - Carbs = 0g\n\nNow, let\'s sum up the carbohydrates from all items:\n- Total carbohydrates = 2.95g (cassava leaves) + 0.10g (chives) + 0g (coffee) + 16.15g (maize) + 0g (palm oil) + 1.24g (peanuts) + 16.35g (porridge) + 0g (salt) + 0g (stock cube) = 36.79g\n\nConsistency check: The total energy of the meal is 974.0 kcal. The calculated carbohydrates contribute 36.79g * 4 kcal/g = 147.16 kcal. The remaining 826.84 kcal would come from fats and proteins, which is reasonable given the presence of red palm oil and other ingredients.\n\nOutput: {""total_carbohydrates"": 36.79}']","['Cassava leaves, PROCESS = Boiling, QUALITATIVE-INFO = Without added salt', 'Chives, PROCESS = Steaming', 'Coffee beverages, INGREDIENT = Coffee ground, roasted, INGREDIENT = Tap water', 'Maize and similar-, PROCESS = Grilling/griddling (high temperature cooking), QUALITATIVE-INFO = Yellow, QUALITATIVE-INFO = Fresh', 'Palm oil/fat, QUALITATIVE-INFO = Red', 'Peanuts, PROCESS = Boiling', 'Porridge water based (ready to eat), INGREDIENT = Maize grain, QUALITATIVE-INFO = Hard', 'Salt', 'Stock cube or granulate, beef, PROCESS = Drying (dehydration), GENERIC-TERM = Other']",COD,"For breakfast, I'm having 163.8g of boiled cassava leaves without added salt, along with 2.3g of steamed chives. I also have 233.0g of coffee made with ground, roasted coffee and tap water, 85.0g of grilled yellow maize, 58.2g of red palm oil, 16.5g of boiled peanuts, 109.0g of ready-to-eat maize porridge, 2.1g of salt, and 0.5g of dried beef stock cube.",78.19999999999999,66.10000000000001,974.0,21.200000000000006,41.40999999999999,108.5,"['{""total_carbohydrates"": 108.5}']",30.30000000000001,38.21,"['The meal consists of the following items:\n\n1. 163.8g of boiled cassava leaves\n2. 2.3g of steamed chives\n3. 233.0g of coffee made with ground, roasted coffee and tap water\n4. 85.0g of grilled yellow maize\n5. 58.2g of red palm oil\n6. 16.5g of boiled peanuts\n7. 109.0g of ready-to-eat maize porridge\n8. 2.1g of salt\n9. 0.5g of dried beef stock cube\n\nLet\'s estimate the carbohydrates for each item:\n\n1. Boiled cassava leaves: Cassava leaves are low in carbohydrates. Approximately 1.8g of carbs per 100g. So, 163.8g has about (1.8 * 163.8 / 100) = 2.95g of carbs.\n2. Steamed chives: Chives have about 4.35g of carbs per 100g. So, 2.3g has about (4.35 * 2.3 / 100) = 0.1g of carbs.\n3. Coffee: Coffee itself has negligible carbohydrates, so 0g of carbs.\n4. Grilled yellow maize: Yellow maize has about 19g of carbs per 100g. So, 85.0g has about (19 * 85 / 100) = 16.15g of carbs.\n5. Red palm oil: Palm oil has 0g of carbs.\n6. Boiled peanuts: Peanuts have about 16.13g of carbs per 100g. So, 16.5g has about (16.13 * 16.5 / 100) = 2.66g of carbs.\n7. Ready-to-eat maize porridge: Maize porridge has about 15g of carbs per 100g. So, 109.0g has about (15 * 109 / 100) = 16.35g of carbs.\n8. Salt: Salt has 0g of carbs.\n9. Dried beef stock cube: Typically negligible carbs, so 0g of carbs.\n\nNow, let\'s add up the carbohydrates:\n\nTotal carbohydrates = 2.95 + 0.1 + 0 + 16.15 + 0 + 2.66 + 16.35 + 0 + 0 = 38.21g\n\nOutput: {""total_carbohydrates"": 38.21}']",39.98999999999999
314,88.96,"['Let\'s think step by step.\n\nThe meal consists of the following items:\n\n1. **Red Table Wine (160.4g):** \n   - Wine typically has about 3.8g of carbohydrates per 100g.\n   - 160.4g * (3.8 / 100) = 6.0952g carbs.\n\n2. **Raw Beef (62.5g):**\n   - Raw beef has negligible carbohydrates, approximately 0g.\n\n3. **Traditional Italian White Bread (90g):**\n   - White bread has about 49g of carbohydrates per 100g.\n   - 90g * (49 / 100) = 44.1g carbs.\n\n4. **Raw Carrots (21.9g):**\n   - Carrots have about 9.6g of carbohydrates per 100g.\n   - 21.9g * (9.6 / 100) = 2.1024g carbs.\n\n5. **Raw Celery (21.9g):**\n   - Celery has about 3g of carbohydrates per 100g.\n   - 21.9g * (3 / 100) = 0.657g carbs.\n\n6. **Espresso (60g):**\n   - Espresso without sugar has negligible carbohydrates, approximately 0g.\n\n7. **Raw Onion (31g):**\n   - Onion has about 9.3g of carbohydrates per 100g.\n   - 31g * (9.3 / 100) = 2.883g carbs.\n\n8. **Rich Canned Tomato (125g):**\n   - Canned tomatoes have about 4.9g of carbohydrates per 100g.\n   - 125g * (4.9 / 100) = 6.125g carbs.\n\n9. **Extra-Virgin Olive Oil (8.3g):**\n   - Olive oil has 0g of carbohydrates.\n\n10. **Tap Water (160g):**\n    - Water has 0g of carbohydrates.\n\n11. **Pasta (87.4g):**\n    - Cooked pasta has about 31g of carbohydrates per 100g.\n    - 87.4g * (31 / 100) = 27.094g carbs.\n\n12. **Fresh Raw Pork Sausage (93.8g):**\n    - Raw pork sausage has negligible carbohydrates, approximately 0g.\n\nNow, let\'s add up the carbohydrates from all items:\n\n- Red Table Wine: 6.0952g\n- Raw Beef: 0g\n- Traditional Italian White Bread: 44.1g\n- Raw Carrots: 2.1024g\n- Raw Celery: 0.657g\n- Espresso: 0g\n- Raw Onion: 2.883g\n- Rich Canned Tomato: 6.125g\n- Extra-Virgin Olive Oil: 0g\n- Tap Water: 0g\n- Pasta: 27.094g\n- Fresh Raw Pork Sausage: 0g\n\nTotal carbohydrates = 6.0952 + 44.1 + 2.1024 + 0.657 + 2.883 + 6.125 + 27.094 = 88.9566g\n\nOutput: {""total_carbohydrates"": 88.96}']","['Alcoholic beverage, wine, red wine, table type', 'Beef, meat, lean and fat, raw', 'Bread, white, pastry flour, ""Rosetta"", traditional bread from Italy', 'Carrots, raw', 'Celery, raw', 'Coffee, brewed, espresso, restaurant, bar-prepared, without sugar', 'Onion, raw', 'Pasta, unenriched, dry, raw', 'Pork, processed meat, pork sausage, fresh, raw', 'Tomato, peeled tomato, canned', 'Vegetable oil, extra-virgin olive oil', 'Water, tap water']",ITA,"For a snack, I'm having 160.4g of red table wine along with 62.5g of raw beef. I also have 90g of traditional Italian white bread and some raw carrots (21.9g) and celery (21.9g). I’ve brewed some espresso (60g) without sugar to go with my meal, plus I have some raw onion (31g) and rich canned tomato (125g). To round it all off, I'm drizzling a bit of extra-virgin olive oil (8.3g) and having a glass of tap water (160g) on the side. Additionally, I’m enjoying some pasta (87.4g) and fresh raw pork sausage (93.8g) as part of my spread.",129.59,42.75,1179.0,46.79999999999999,40.63000000000001,134.5,"['{""total_carbohydrates"": 134.5}']",4.909999999999997,86.569,"['The meal consists of the following items:\n\n1. Red table wine (160.4g): Red wine has about 3.8g of carbs per 160g.\n2. Raw beef (62.5g): Raw beef has 0g of carbs.\n3. Traditional Italian white bread (90g): White bread has about 49g of carbs per 100g, so 90g has 44.1g of carbs.\n4. Raw carrots (21.9g): Carrots have about 10g of carbs per 100g, so 21.9g has 2.19g of carbs.\n5. Raw celery (21.9g): Celery has about 3g of carbs per 100g, so 21.9g has 0.657g of carbs.\n6. Espresso (60g): Espresso has 0g of carbs.\n7. Raw onion (31g): Onions have about 9g of carbs per 100g, so 31g has 2.79g of carbs.\n8. Rich canned tomato (125g): Canned tomatoes have about 4g of carbs per 100g, so 125g has 5g of carbs.\n9. Extra-virgin olive oil (8.3g): Olive oil has 0g of carbs.\n10. Tap water (160g): Water has 0g of carbs.\n11. Pasta (87.4g): Pasta has about 31g of carbs per 100g, so 87.4g has 27.094g of carbs.\n12. Fresh raw pork sausage (93.8g): Raw pork sausage has about 1g of carbs per 100g, so 93.8g has 0.938g of carbs.\n\nNow, let\'s add up the carbohydrates from all items:\n\n- Red table wine: 3.8g\n- Raw beef: 0g\n- Traditional Italian white bread: 44.1g\n- Raw carrots: 2.19g\n- Raw celery: 0.657g\n- Espresso: 0g\n- Raw onion: 2.79g\n- Rich canned tomato: 5g\n- Extra-virgin olive oil: 0g\n- Tap water: 0g\n- Pasta: 27.094g\n- Fresh raw pork sausage: 0.938g\n\nTotal carbohydrates = 3.8 + 0 + 44.1 + 2.19 + 0.657 + 0 + 2.79 + 5 + 0 + 0 + 27.094 + 0.938 = 86.569g\n\nOutput: {""total_carbohydrates"": 86.569}']",43.021
