doc_id,carb_pred,description,country,queries,carb,fat,energy,protein,carb_mae,carb_mae_norm,fat_pred,fat_mae,fat_mae_norm,energy_pred,energy_mae,energy_mae_norm,protein_pred,protein_mae,protein_mae_norm
6,118.8,"['Peanut butter and jelly sandwich, with regular peanut butter, regular jelly, on white bread', 'Strawberry milk, whole']",USA,"For lunch, I'm having a peanut butter and jelly sandwich made with 112.0g of regular peanut butter and jelly on white bread, along with a glass of 248.0g of whole strawberry milk.",79.96,25.880000000000003,617.36,20.43,38.84,0.7580462225102742,48.8,22.919999999999995,1.7034917963819938,1012.0,394.64,1.066227531766091,23.8,3.370000000000001,0.277519678555114
31,98.8,"['Apple, raw', 'Fruit juice drink']",USA,I have a snack of 200 grams of raw apple paired with a 496-gram fruit juice drink.,40.02,0.34,153.6,0.52,58.779999999999994,1.1472182533252808,1.0,0.659999999999999,0.049053428691628036,344.0,190.4,0.5144174996155071,2.0,1.48,0.12187807841589574
54,150.0,"['Chicken, fried, with potatoes, vegetable, dessert, frozen meal, large meat portion', 'Soft drink, cola']",USA,"For breakfast, I'm having a large frozen meal with 468.0g of fried chicken, potatoes, and vegetables, along with a 372.0g soft drink cola.",122.97,47.36,1092.24,50.87,27.03,0.5275486455832314,48.0,0.64,0.047566961155518166,-1.0,1093.24,2.953685857561224,92.4,41.53000000000001,3.4199977004136155
59,-1.0,"['Nutritional drink or shake, high protein, light, ready-to-drink, NFS']",USA,I have a 341g high protein nutritional drink for lunch.,58.96,18.35,470.58,18.35,59.96,1.1702484938649855,-1.0,19.35,1.4381573411863695,-1.0,471.58,1.2741019142262648,30.0,11.649999999999999,0.9593781172602602
93,61.1,"['Apple, raw', 'Peanuts, honey roasted']",USA,Snacking on 165 grams of a raw apple and 146 grams of honey roasted peanuts right now.,66.62,66.34,920.92,30.65,5.520000000000003,0.1077346845586178,36.5,29.840000000000003,2.2178095638760347,1014.0,93.08000000000004,0.2514809919338835,37.3,6.649999999999999,0.5476278523416935
94,126.0,"['Roll, sweet, cinnamon bun, frosted', 'Soft drink, pepper type']",USA,"For a snack, I'm having a 66-gram frosted cinnamon bun and a 372-gram pepper soft drink.",70.62,18.49,454.56,2.94,55.379999999999995,1.0808599331261324,11.0,7.489999999999998,0.5566820922731733,640.0,185.44,0.5010167076087166,4.0,1.06,0.08729105616273614
112,41.5,"['Beef and vegetables including carrots, broccoli, and/or dark-green leafy; no potatoes, no sauce', 'Rice, cooked, NFS']",USA,"I’ve got a dinner plate with 162 grams of beef and veggies, including carrots and broccoli, plus 158 grams of cooked rice.",49.08,11.34,391.74,22.7,7.579999999999998,0.14794001973810186,12.5,1.16,0.08621511709437667,510.0,118.25999999999999,0.3195116255490014,49.36,26.66,2.1954524125457975
117,75.0,"['Pasta, whole grain, with cream sauce, poultry, and added vegetables, restaurant']",USA,"I ordered 250 grams of whole grain pasta with cream sauce, poultry, and veggies for dinner.",38.08,31.1,475.0,14.98,36.92,0.720573288750755,25.5,5.600000000000001,0.41621091011078404,625.0,150.0,0.4052658873021327,37.5,22.52,1.8545231931932242
122,150.0,"['Pasta with cream sauce and seafood, home recipe', 'Pasta with cream sauce and poultry, home recipe']",USA,"Tonight’s dinner is 250 grams of pasta with cream sauce and seafood, plus 250 grams of pasta with cream sauce and poultry.",83.57,33.870000000000005,767.5,30.96,66.43,1.2965244737733654,48.5,14.629999999999995,1.0873510026644226,1600.0,832.5,2.2492256745268366,58.5,27.54,2.267920459171465
128,183.0,"['Soft drink, cola', 'Pizza with meat other than pepperoni, from frozen, thin crust']",USA,Tonight’s dinner includes a 620-gram cola and a 320-gram meat pizza from the freezer on a thin crust.,150.57,40.27,1114.8,39.49,32.43000000000001,0.6329412717818794,32.8,7.470000000000006,0.555195624737064,1550.0,435.20000000000005,1.1758114276925877,40.0,0.509999999999998,0.04199852702169364
197,156.0,"['Soft drink, cola', 'Burrito with meat, beans, and rice']",USA,"My lunch consists of a 372-gram soft drink and a burrito with meat, beans, and rice that weighs 482 grams.",123.37,53.08,1173.26,50.61,32.629999999999995,0.6368447023818291,20.5,32.58,2.4214556163230965,1044.0,129.26,0.3492311239511578,25.5,25.11,2.0678098304210417
202,186.8,"['Cookie, marshmallow, with rice cereal, no bake', 'Nachos with meat and cheese', 'Onion flavored rings', 'Sports drink (Powerade)']",USA,"I’ve got a lunch spread that includes a 38-gram no-bake marshmallow cookie, 262 grams of nachos loaded with meat and cheese, 28 grams of onion rings, and a big 620-gram sports drink, Powerade.",144.07,42.84,1114.9,38.870000000000005,42.73000000000002,0.8339679476793004,54.3,11.459999999999994,0.8517458981909967,1530.0,415.0999999999999,1.1215057987941017,38.5,0.37000000000000405,0.030469519603974267
204,45.9,"['Popcorn, microwave, plain']",USA,"I made some plain microwave popcorn, and I'm snacking on 85 grams of it.",47.59,26.41,457.3,7.39,1.690000000000004,0.032983988569576884,4.25,22.16,1.6470060300098164,425.0,32.30000000000001,0.08726725439905927,8.5,1.11,0.09140855881192181
233,110.0,"['Oatmeal, instant, maple flavored, no added fat']",USA,"For breakfast today, it's 163 grams of instant oatmeal, and it's maple-flavored.",32.97,2.04,166.26,3.98,77.03,1.503406295570711,7.0,4.96,0.36864394895526575,620.0,453.74,1.2259022913631312,21.2,17.22,1.4180679123795434
259,168.2,['Oatmeal beverage with water'],USA,I’ve got a drink made from 248 grams of oatmeal and water for breakfast.,26.31,0.37,106.64,0.62,141.89,2.7692888391344694,11.9,11.530000000000001,0.856948534567382,948.0,841.36,2.2731633796034827,26.04,25.419999999999998,2.093338346845993
274,27.8,"['Chicken or turkey noodle soup, canned or ready-to-serve', 'Orange juice, 100%, with calcium added, canned, bottled or in a carton']",USA,"For lunch, I warmed up 532 grams of chicken noodle soup and drank 124 grams of orange juice.",30.3,4.300000000000001,185.96,7.22,2.5,0.04879288249937398,7.0,2.6999999999999993,0.2006731173748422,263.0,77.03999999999999,0.20814455971837534,23.4,16.18,1.3324238572764817
286,133.8,"['Corn dog, frankfurter or hot dog with cornbread coating', 'Ketchup', 'Tortilla chips, nacho cheese flavor (Doritos)', 'Fruit cocktail, canned, NFS', 'Potato chips, ruffled, cheese flavored']",USA,"For a snack, I'm having an 88-gram corn dog with 17 grams of ketchup on the side, along with 28 grams of nacho cheese Doritos and 113 grams of canned fruit cocktail. I also grabbed 28 grams of cheese-flavored ruffled potato chips. And just to mix things up, I added 28 grams of tortilla chips, nacho cheese flavor to the plate!",77.0,27.07,579.87,12.06,56.80000000000001,1.108574290385777,47.8,20.729999999999997,1.5407236011779553,1000.0,420.13,1.1350957148816334,15.1,3.039999999999999,0.25034416107048846
288,60.0,"['Chimichanga, meatless']",USA,"I’m eating a meatless chimichanga for dinner, and it’s 396 grams.",98.68,32.99,792.0,26.06,38.68000000000001,0.7549234780303143,20.0,12.990000000000002,0.9654606647034079,-1.0,793.0,2.1425056575372747,15.0,11.059999999999999,0.9107915859998694
297,54.0,"['Beans and rice, with meat']",USA,"For lunch, I'm having 170 grams of beans and rice with meat.",40.02,7.21,275.4,12.73,13.979999999999997,0.27284979893649924,8.5,1.29,0.0958771560790913,380.0,104.60000000000002,0.2826054120786873,28.5,15.77,1.2986603355531592
309,276.3,"['* beans,cranberry (solwezi),dried,raw *boiled*', '* maize flour,white variety,breakfast meal (refined),raw *bo', '* onion, large bulb, fresh, raw *boiled*', '* tomato,ripe,fresh,raw *boiled*', 'groundnuts,in-shell,dried,boiled']",ZMB,"For a snack, I had 55 grams of boiled cranberry beans, 118 grams of raw white maize flour breakfast meal, 10 grams of boiled large onion, 34 grams of boiled ripe tomato, and 453 grams of boiled groundnuts.",225.3,102.6,2070.0,82.9,51.0,0.9953748029872291,108.3,5.700000000000003,0.42364324779133383,2743.0,673.0,1.8182929476955687,122.9,40.0,3.2940021193485336
316,263.1,"['Alcoholic beverage, liqueur, 20-30 proof', 'Butter', 'Carbonated beverage, cola or similar-type (Coca cola, Pepsi)', 'Cheese, Gruyère', ""Cheese, Mozzarella, cow's milk"", 'Cheese, Parmesan, hard type', 'Chocolate, dark chocolate, all types', 'Coffee, brewed, espresso, homemade, without sugar', 'Coffee, brewed, espresso, restaurant, bar-prepared, without sugar', 'Egg, chicken, whole, raw, fresh', 'Milk, cow, whole', 'Pineapple, fresh', 'Sugar', 'Tomato, sauce type, red ripe, raw', 'Vegetable oil, mixed seeds', 'Wheat flour, white, 9% protein, pastry flour, Italian ""tipo 00"" flour', 'Yeast, beer yeast tablets']",ITA,"For a snack, I had 330g of a cola drink along with 17g of butter, 8.7g of Gruyère cheese, 122.5g of mozzarella cheese, 8.7g of Parmesan cheese, 60g of espresso coffee from a restaurant, 30.2g of a raw chicken egg, 150g of whole cow's milk, 21.5g of fresh pineapple, 61.2g of sugar, 18.2g of red ripe tomato sauce, 186.1g of mixed seeds vegetable oil, 186.1g of white wheat flour, 7.7g of beer yeast tablets, and 32.2g of dark chocolate. I also had 0.0g of an alcoholic beverage, liqueur, 20-30 proof, and 12.9g of homemade espresso coffee, without sugar. Additionally, there were 67.5g of whole, raw, fresh chicken egg included.",237.37,80.45,1868.0,63.16,25.730000000000018,0.5021763466835574,276.95,196.5,14.604543542280187,3892.1,2024.1,5.468657883254979,68.5,5.340000000000003,0.4397492829330295
324,97.9,"['Doughnuts-berliner', 'Lupins (without pods), PART-CONSUMED-ANALYSED = W/o peel', 'Maize grain, PROCESS = Raw, no heat treatment, QUALITATIVE-INFO = White', 'Mandarins', 'Oranges', 'Yoghurt, cow milk, flavoured']",PER,"For my snack, I've got 69g of Berliner doughnuts, 4g of lupins, and 30.4g of raw maize. On the side, I have 199.8g of mandarins, 121.6g of oranges, and 12g of yogurt.",104.62,2.9,481.0,37.540000000000006,6.719999999999999,0.13115526815831724,8.02,5.119999999999999,0.38053568924414527,469.0,12.0,0.032421270984170615,8.92,28.620000000000005,2.356858516393876
341,92.5,"['COFFEE, UNSWEETENED', 'MEATBALL SOUP', 'SPAGHETTI WITH MEAT']",ROU,I’ve got a 75g cup of unsweetened coffee paired with 364.2g of meatball soup and 352.5g of spaghetti and meat for lunch.,74.5,49.6,971.0,54.1,18.0,0.35130875399549266,28.9,20.700000000000003,1.5384938998737907,1045.5,74.5,0.20128205736005925,57.1,3.0,0.24705015895114002
342,87.5,"['GRILLED PEPPER SALAD', 'MIXED VEGETABLES SOUP', 'POTATO', 'SCHNITZEL']",ROU,"I'm enjoying a 240.5g grilled pepper salad, 397g mixed vegetable soup, a 100g potato, and a 310g schnitzel for lunch.",69.89999999999999,93.1,1401.0,70.39999999999999,17.60000000000001,0.34350189279559296,37.5,55.599999999999994,4.13237975038564,1080.0,321.0,0.867268998826564,66.5,3.899999999999991,0.3211652066364813
345,206.1,"['BREAD', 'MIXED VEGETABLES SOUP', 'SPONGE CAKE']",ROU,"Lunch today included 25 grams of bread, 410.5 grams of mixed vegetable soup, and a nice 352.2 grams of sponge cake.",228.5,63.2,1611.0,33.800000000000004,22.400000000000006,0.437184227194391,38.9,24.300000000000004,1.8060580563735806,1285.9,325.0999999999999,0.8783462664128221,15.1,18.700000000000003,1.5399459907954396
346,234.3,"['COUNTRY SOUP', 'PLUM DUMPLINGS']",ROU,I'm enjoying 436.1 grams of country soup along with 727 grams of plum dumplings for lunch.,307.4,62.2,1838.0,23.700000000000003,73.09999999999997,1.4267038842816946,28.6,33.6,2.497265460664704,-1.0,1839.0,4.968559778324147,38.5,14.799999999999997,1.218780784158957
347,134.3,"['CABBAGE ROLLS STUFFED WITH MEAT', 'CHICKEN SOUP', 'SPONGE CAKE']",ROU,"For lunch, I enjoyed a 176.1g sponge cake along with 347.5g of cabbage rolls stuffed with meat and 458.2g of chicken soup.",142.5,82.2,1593.0,74.60000000000001,8.199999999999989,0.16004065459794642,54.8,27.400000000000006,2.036460524470622,1220.0,373.0,1.0077611730913034,66.4,8.200000000000003,0.6752704344664496
348,78.6,"['CHICKEN SOUP', 'POTATOES WITH MEAT']",ROU,Lunch today includes 382 grams of chicken soup and 378 grams of potatoes with meat.,58.7,78.9,1155.0,54.1,19.89999999999999,0.3883913446950167,18.1,60.800000000000004,4.518861309774226,670.0,485.0,1.3103597022768958,36.3,17.800000000000004,1.4658309431100978
368,92.5,"['Macaroni with goat and vegetable oil', 'Tunisian brick with turkey and vegetable oil', 'Wheat bread and rolls, white (refined flour)']",TUN,"I ate 89.7g of macaroni prepared with goat and vegetable oil and 92.1g of a Tunisian brick stuffed with turkey and vegetable oil for lunch. Plus, I had 50g of white bread.",55.49999999999999,22.17,500.0,23.42,37.00000000000001,0.722134660990735,30.9,8.729999999999997,0.6488430795119897,1045.0,545.0,1.4724660571977488,28.1,4.68,0.38539824796377836
373,52.3,"['Chapatti, brown rice flour with ghee', 'Mango pickle', 'Potato curry']",PAK,"I'm enjoying 122.6g of chapatti with ghee, paired with 35.6g of mango pickle and 18.4g of potato curry for dinner.",113.0,23.700000000000003,713.0,10.8,60.7,1.1846911870848003,15.1,8.600000000000003,0.6391810405272755,408.0,305.0,0.8240406375143365,6.1,4.700000000000001,0.3870452490234528
374,51.8,"['Chapatti, brown rice flour with ghee', 'Green gram, split, curry', 'Potato curry']",PAK,"For lunch, I have 122.6 grams of chapatti with ghee, along with a small serving of 10.2g split green gram curry and 18.4g potato curry.",111.3,8.9,576.0,10.7,59.5,1.1612706034851008,13.1,4.199999999999999,0.3121581825830879,356.0,220.0,0.5943899680431279,8.1,2.599999999999999,0.2141101377576546
384,30.8,"['COCONUT OIL', 'FISH FINGER RECIPE USING TUNA FISH, BAKED', 'PORK LOIN CHOP, FRIED', 'PORK PLATE FLAT, SAUTEED', 'RICE, WHITE, BOILED/STEAMED', 'WHEAT NOODLES, COOKED', 'YAM BEAN, PODS, SAUTEED']",PHL,"For dinner, I'm having 6.8g of coconut oil, 15g of baked fish fingers made with tuna fish, 40g of fried pork loin chop, 3.3g of sautéed pork plate flat, 84g of boiled white rice, 32g of cooked wheat noodles, and 0.8g of sautéed yam bean pods.",43.0,38.290000000000006,627.0,26.22,12.2,0.238109266596945,15.92,22.370000000000005,1.6626139391389712,368.0,259.0,0.6997590987416825,18.1,8.119999999999997,0.6686824302277521
388,-1.0,"['PELARGON, WITH IRON', 'SUGAR, WHITE, REFINED']",PHL,"For my snack, I’m having 96g of pelargon along with 8.8g of refined sugar.",64.11,16.32,472.0,15.84,65.11,1.270761831813696,-1.0,17.32,1.2872808862712104,-1.0,473.0,1.277938431292725,3.84,12.0,0.9882006358045601
389,92.8,"['HORSE RADISH TREE LEAVES, BOILED', 'LARD', 'LONG JAWED ANCHOVY, DRIED, BOILED', 'PORK PLATE FLAT, FRIED', 'RICE, WHITE, BOILED/STEAMED', 'SOFTDRINKS (COCA-COLA)', 'SQUASH, FRUIT, YELLOW BOILED', 'TARO, BOILED']",PHL,"For lunch, I had 11.7g of boiled horseradish tree leaves, 10.2g of lard, 1.6g of dried boiled long jawed anchovy, 60.0g of fried pork plate flat, 225.0g of boiled white rice, 240.0g of Coca-Cola soft drink, 11.7g of boiled yellow squash, and 15.6g of boiled taro.",96.23,64.49999999999999,1068.0,22.33,3.430000000000007,0.06694383478914123,37.92,26.579999999999984,1.9755153554901126,1001.0,67.0,0.18101876299495262,23.1,0.770000000000003,0.06340954079745952
390,78.8,"['BEANS (BLACK, MULATTO, PURPLE, PINK, ETC.), NOT DETERMINED', 'BEEF LIVER, COOKING WITH FATS/OILS', 'BEETROOT, COOKING WITHOUT FATS/OILS', 'CARROT, RAW', 'KALE, RAW', 'WATER, NOT DETERMINED', 'WHOLE GRAIN RICE, NOT DETERMINED']",BRA,"For lunch, I had 140 grams of mixed black, mulatto, purple, and pink beans, along with 70 grams of beef liver cooked in fats. I also had 120 grams of cooked beetroot, 36 grams of raw carrot, and 60 grams of raw kale. To drink, I had 150 grams of water and a side of 126 grams of whole grain rice.",67.88,11.25,452.0,28.44,10.920000000000002,0.21312731075726557,8.2,3.05,0.22668629925676623,548.0,96.0,0.2593701678733649,47.1,18.66,1.5366519886760908
402,148.2,"['Boiled coffee beans + salt', 'Corn bread, unleavened (â\x80\x98Qitaâ\x80\x99)', 'Ethiopian kale, boiled with oil + onion + salt']",ETH,"I started my day with 248 grams of boiled coffee beans and salt, along with 290g of corn bread and 210.2g of Ethiopian kale cooked with oil and onion.",166.20000000000002,21.7,622.0,19.5,18.00000000000003,0.3513087539954932,37.6,15.900000000000002,1.1817416912074046,-1.0,623.0,1.6832043185948578,30.1,10.600000000000001,0.8729105616273615
407,79.2,"['Porridge, barely flour']",ETH,I'm enjoying a snack of 108 grams of barley flour porridge.,22.7,6.8,162.0,2.6,56.5,1.102719144485852,2.16,4.64,0.34486046837750667,384.0,222.0,0.5997935132071565,10.8,8.200000000000001,0.6752704344664494
410,186.5,"['ARTIFICIAL BEVERAGE, LIQUID COMMERCIAL, ORANGE', 'BREAD, WATER-BASED', 'CEREAL ""CORAZON DE TRIGO"" ATOLE', 'MANGO COMMON, GREEN, RAW']",GTM,"For my snack, I had 230g of orange-flavored drink, along with 77g of water-based bread, 750g of atole cereal, and a bit of green mango weighing 43.5g.",176.38,11.42,882.0,21.110000000000003,10.120000000000005,0.19751358835746596,6.3,5.12,0.3805356892441453,-1.0,883.0,2.3856651899185546,15.5,5.610000000000003,0.46198379723863203
411,108.1,"['CHICKEN SOUP W/CHICKEN GIBLET, PASTA & LOROCO (FERNALDIA FIDDLE SHAPE)', 'TORTILLA, MAIZE BASED']",GTM,I'm snacking on 135g of maize-based tortilla and 387.1g of chicken soup that includes giblets and pasta.,130.11,13.31,750.0,30.56,22.01000000000002,0.4295725375244889,25.5,12.19,0.90600196325901,1005.0,255.0,0.6889520084136256,47.3,16.74,1.378539886947361
417,145.5,"['BEVERAGE, HORCHATA (RICE BASED) W/ CALABASH TREE FRUIT', 'BREAD WHEAT, SWEET', 'OATS W/MILK & SUGAR']",GTM,"This morning, I ate 250g of horchata, 250g of oats with milk and sugar, and a small 24g sweet wheat bread.",67.58,5.3,351.0,8.96,77.92,1.5207765617404883,13.1,7.8,0.5797223390828776,755.0,404.0,1.091516123133744,18.1,9.14,0.75267948427114
423,130.5,"['Porridge, water-based, wheat flour ']",STP,Dinner is 171 grams of porridge that's made with wheat flour and water.,27.36,5.64,166.0,1.88,103.14,2.012999160394173,0.5,5.14,0.38202215678025525,171.0,5.0,0.01350886291007109,5.1,3.219999999999999,0.26516717060755685
434,130.5,"['Apple Red', 'Rice Cooked', 'Small Cuttlefish Fried In Traditional Chili Paste', 'String Beans Stir Fried With Anchovies']",MYS,"For dinner, I have a red apple that weighs 120g, along with 280g of cooked rice, 112.2g of small cuttlefish fried with chili paste, and 190.34g of string beans stir-fried with anchovies.",113.96,19.03,741.0,27.450000000000003,16.540000000000006,0.32281371061585834,22.9,3.869999999999997,0.28763146823727365,1010.0,269.0,0.7267768245618247,47.6,20.15,1.6593535676218236
435,90.5,"['Fish Ball Fried', 'Mix Vegetables Stir Fried', 'Rice Cooked', 'Spanish Mackerel Fried']",MYS,"I’m having a dinner that includes 17.8g of fried fish balls, 97.7g of stir-fried mixed vegetables, 250g of cooked rice, and 99.3g of fried Spanish mackerel.",80.36999999999999,8.82,518.0,29.0,10.13000000000001,0.19770875988746356,28.8,19.98,1.4849810685738327,755.0,237.0,0.6403201019373697,47.3,18.299999999999997,1.5070059696019538
439,-1.0,['Curry Papaya'],MYS,I’m having a 564.28g serving of Curry Papaya for a snack.,38.120000000000005,19.82,367.0,9.23,39.120000000000005,0.7635110253502041,-1.0,20.82,1.5474127050904503,-1.0,368.0,0.9942523101812323,-1.0,10.23,0.8424410420233874
456,160.1,"['ARTIFICIAL BEVERAGE, POWDER W/WATER, LEMON FLAVOUR', 'BEANS, SOFT, PREPARED', 'COOKIE, WAFER', 'MIXED CEREALS DRINK (HORCHATA) W/MILK', 'WHITE RICE DISH, COOKED']",CRI,"For my dinner, I have 250g of a lemon-flavored artificial drink, 113.6g of soft beans, a 25g wafer cookie, 222g of cooked white rice, and a 267g mixed cereals drink with milk.",174.17,29.770000000000003,1118.0,36.42,14.069999999999993,0.2746063427064766,8.9,20.870000000000005,1.5511288739307254,794.0,324.0,0.8753743165726067,19.9,16.520000000000003,1.3604228752909446
466,61.8,"['Brinjal (badne kai) Bhaji', 'Chapati', 'Milk Tea', 'Red Gram Dhal or Sambar', 'Rice']",IND,"This morning, I had 77.6g of Brinjal Bhaji, along with a 52.7g chapati, 38.4g of milk tea, 29.3g of red gram dhal, and 69g of rice.",77.4,22.7,552.0,10.7,15.600000000000009,0.3044675867960938,5.1,17.6,1.3080914317767496,297.0,255.0,0.6889520084136256,8.3,2.399999999999998,0.19764012716091187
470,187.5,"['Cassava leaves, PROCESS = Boiling, QUALITATIVE-INFO = Without added salt', 'Chives, PROCESS = Steaming', 'Mangoes, PROCESS = Raw, no heat treatment, QUALITATIVE-INFO = Orange', 'Palm oil/fat, QUALITATIVE-INFO = Red', 'Porridge water based (ready to eat), INGREDIENT = Maize grain, QUALITATIVE-INFO = Hard', 'Salt', 'Stock cube or granulate, beef, PROCESS = Drying (dehydration), GENERIC-TERM = Other']",COD,"For breakfast, I had 127.8g of boiled cassava leaves with no added salt, 1.9g of steamed chives, 206.0g of raw mangoes, 61.9g of red palm oil, 729.0g of ready-to-eat maize porridge, 1.9g of salt, and 0.3g of dried beef stock cube.",260.1,75.2,1794.0,31.5,72.60000000000002,1.4169453077818208,66.5,8.700000000000003,0.6466133782078253,1461.0,333.0,0.8996902698107346,15.3,16.2,1.334070858336156
471,158.5,"['Chili peppers, PROCESS = Frying', 'Chives, PROCESS = Steaming', 'Dried starchy roots and tuber products, SOURCE-COMMODITIES = Cassava roots, PROCESS = Boiling, PROCESS = Steaming, PHYSICAL-STATE = Powder', 'Palm oil/fat, QUALITATIVE-INFO = Red', 'Salt', 'Smoked fish, SOURCE-COMMODITIES = Whitefishes or coregonus', 'Stock cube or granulate, beef, PROCESS = Drying (dehydration), GENERIC-TERM = Other', 'Sweet potato leaves, PROCESS = Boiling, QUALITATIVE-INFO = Without added salt', 'Tomatoes, PROCESS = Boiling, QUALITATIVE-INFO = Ripe / mature, QUALITATIVE-INFO = Without added salt, QUALITATIVE-INFO = Red']",COD,"For lunch, I'm having 2.2g of fried chili peppers, 17.4g of steamed chives, and 181.6g of boiled cassava root powder. I added 71.1g of red palm oil, 8.3g of salt, and 29.2g of smoked fish. I also included 1.9g of a beef stock cube, 309.1g of boiled sweet potato leaves, and 23.2g of boiled ripe tomatoes.",77.0,76.99999999999999,1100.0,21.6,81.5,1.5906479694795916,80.8,3.800000000000011,0.2824288318608899,1081.0,19.0,0.051333679058270146,15.5,6.100000000000001,0.5023353232006514
475,110.5,"['Chives, PROCESS = Steaming', 'Nut/seeds paste/emulsion/mass, SOURCE-COMMODITIES = Peanuts, PROCESS = Roasting', 'Okra, PROCESS = Boiling, QUALITATIVE-INFO = Without added salt', 'Palm oil/fat, QUALITATIVE-INFO = Red', 'Porridge water based (ready to eat), INGREDIENT = Maize grain, QUALITATIVE-INFO = Hard', 'Salt', 'Solanacea, GENERIC-TERM = Other', 'Stock cube or granulate, beef, PROCESS = Drying (dehydration), GENERIC-TERM = Other']",COD,"For my lunch, I have 7.9 grams of chives that were steamed, 7.6 grams of peanut paste made from roasted peanuts, and 37.9 grams of boiled okra without any salt. I’m also using 3.2 grams of red palm oil, 427 grams of hard maize grain porridge, a sprinkle of salt at 0.8 grams, 47.3 grams of other Solanaceae, and 0.3 grams of beef stock granules.",127.2,13.599999999999998,674.0,17.400000000000002,16.700000000000003,0.32593645509581826,15.5,1.9000000000000021,0.1412144159304447,1683.0,1009.0,2.726088535252346,15.1,2.300000000000002,0.18940512186254085
476,54.8,"['Boiled eggs, SOURCE-COMMODITIES = Hen eggs', 'Chicken fresh meat, PROCESS = Boiling, QUALITATIVE-INFO = Dark, QUALITATIVE-INFO = Without added salt, PART-CONSUMED-ANALYSED = With skin', 'Chili peppers, PROCESS = Frying', 'Chives, PROCESS = Steaming', 'Garlic, PROCESS = Frying', 'Nut/seeds paste/emulsion/mass, SOURCE-COMMODITIES = Peanuts, PROCESS = Roasting', 'Palm oil/fat, QUALITATIVE-INFO = Red', 'Porridge water based (ready to eat), INGREDIENT = Maize grain, QUALITATIVE-INFO = Hard', 'Pumpkin seeds, PROCESS = Roasting, PHYSICAL-STATE = Whole/unsplit form, including artificial forms', 'Salt', 'Smoked fish, SOURCE-COMMODITIES = Whitefishes or coregonus', 'Stock cube or granulate, beef, PROCESS = Drying (dehydration), GENERIC-TERM = Other', 'Tomatoes, PHYSICAL-STATE = Paste', 'Tomatoes, PROCESS = Frying, QUALITATIVE-INFO = Red, QUALITATIVE-INFO = Ripe / mature']",COD,"For lunch, I had 33.1g of boiled eggs, 20.3g of boiled chicken with skin, and some fried chili peppers (0.4g). I also included 1.6g of steamed chives and 1.0g of fried garlic. To add a little more flavor, I tossed in some peanut paste (4.0g), a dollop of palm oil (3.4g), and a generous bowl of porridge (160.0g). I also snuck in 210.7g of roasted pumpkin seeds and a sprinkle of salt (1.6g). For an extra kick, I added some smoked fish (27.6g), a bit of beef stock (0.9g), and some tomato paste (1.2g) along with fried tomatoes (0.4g).",160.49999999999997,58.89999999999999,1361.0,57.50000000000001,105.69999999999997,2.0629630720735315,108.8,49.900000000000006,3.708736502594307,1550.0,189.0,0.5106350180006872,66.5,8.999999999999993,0.7411504768534194
477,128.9,"['Baking yeast', 'Cassava roots, PROCESS = Boiling', 'Dried starchy roots and tuber products, SOURCE-COMMODITIES = Cassava roots, PROCESS = Boiling, PROCESS = Steaming, PHYSICAL-STATE = Powder', 'Fermented tea infusion, INGREDIENT = Tap water, QUALITATIVE-INFO = Black', 'Palm oil/fat, QUALITATIVE-INFO = Red', 'Pumpkin seeds, PROCESS = Roasting, PHYSICAL-STATE = Whole/unsplit form, including artificial forms', 'Salt', 'Smoked fish, SOURCE-COMMODITIES = Whitefishes or coregonus', 'Tomatoes, PROCESS = Frying, QUALITATIVE-INFO = Red, QUALITATIVE-INFO = Ripe / mature', 'Wheat flour white, PROCESS = Boiling', 'White sugar']",COD,"For breakfast, I'm having 178 grams of boiled cassava roots, 5.2 grams of dried starchy roots and tuber products, 71.8 grams of roasted pumpkin seeds, 0.5 grams of baking yeast, 7.7 grams of fermented tea infusion with tap water, 26.5 grams of red palm oil, 3.0 grams of salt, 45.9 grams of smoked fish, 27.2 grams of ripe red tomatoes, 13.9 grams of white wheat flour, and 124.7 grams of white sugar.",238.2,46.6,1468.0,24.300000000000004,109.29999999999998,2.13322482287263,66.9,20.300000000000004,1.508764549151592,1081.0,387.0,1.0455859892395023,29.1,4.799999999999997,0.3952802543218238
482,30.5,"['Drink water/ Nam Deum', 'Milk powdered, Dumex (1-plus)/ Nom Phong Dumex', 'Nile tilapia, fried/ Cheun Pa Nile', 'Peari/ Mak Sali', 'Rice glutinous, polished, steamed/ Khao Niew']",LAO,"This morning, I’m enjoying 100 grams of water, 206.4 grams of Dumex powdered milk, 21.6 grams of fried Nile tilapia, 43.2 grams of pear, and 38.9 grams of steamed glutinous rice.",39.32,9.409999999999998,297.0,13.64,8.82,0.1721412894577914,15.3,5.890000000000002,0.4377646893843783,1345.0,1048.0,2.8314576659509005,54.1,40.46,3.3318831437210417
484,37.2,"['Drink water/ Nam Deum', 'Omlet hen egg/ Cheun Khai Kai', 'Rice glutinous, polished, steamed/ Khao Niew', 'Yoghurt drinking UHT/ Nom Som UHT']",LAO,"I’m enjoying 400 grams of water with my 112g omelet, 100g of polished steamed rice, and 180g of yogurt for dinner.",83.51,40.63,794.0,24.62,46.31,0.9038393554184037,13.8,26.830000000000002,1.994096199691488,479.0,315.0,0.8510583633344787,23.8,0.8200000000000001,0.06752704344664494
486,72.5,"['Bamboo shoot, boiled with Pork spare ribs/ Kheang Nor Mai Sai Ka Douk Mou', 'Drink water/ Nam Deum', 'Rice glutinous, polished, steamed/ Khao Niew']",LAO,"My lunch consisted of 163.7g of bamboo shoots with pork ribs, 210g of steamed glutinous rice, and a refreshing 200g glass of water.",116.28,0.8300000000000001,517.0,11.11,43.78,0.8544609583290371,22.5,21.67,1.6105875753751229,672.0,155.0,0.4187747502122038,30.1,18.990000000000002,1.5638275061607163
500,104.9,"['Brown sugar', 'Drinking water', 'Pasta, plain (not stuffed), uncooked, PROCESS = Frying, QUALITATIVE-INFO = Not fortified', 'Plum tomato, PROCESS = Frying', 'Soya bean oil, refined, PROCESS = Frying', 'Tortilla, INGREDIENT = Maize grain', 'Watermelons']",MEX,"For lunch, I mixed 75g of brown sugar with 300g of water. I cooked 33.3g of plain uncooked pasta and had 38.9g of fried plum tomatoes on the side. I also used 2.7g of refined soy bean oil, had a 75g maize tortilla, and sliced up 312g of watermelon.",160.6,9.5,757.0,12.6,55.69999999999999,1.087105422086052,3.4,6.1,0.45337259851353245,451.0,306.0,0.8267424100963507,5.3,7.3,0.6011553867811074
501,158.1,"['Cola-type drinks', 'Isotonic and sport drinks', 'Peanuts, PROCESS = Battering, PROCESS = Frying, INGREDIENT = Salt']",MEX,"For my snack, I'm enjoying 154.5g of cola drinks along with 772.5g of isotonic drinks and 30g of salted peanuts.",80.69999999999999,8.4,420.0,4.8,77.4,1.5106276421806184,14.0,5.6,0.4162109101107839,641.0,221.0,0.5970917406251421,7.5,2.7,0.222345143056026
514,126.5,"['Cowpea\t leaves (kunde) picked\t raw corrected for boiling', 'Onion\t mature\t red skinned\t peeled\t fresh\t raw corrected for stewing', 'Royco', 'Salt\t Iodized', 'Tomato\t red\t ripe\t raw\t corrected for stewing', 'Vegetable oil', 'Whole Maize Flour Ugali']",KEN,"Tonight's meal consists of 68.1g of cowpea leaves, 19.1g of onion, and 38.1g of tomato. I used 2.8g of Royco seasoning and 1.2g of salt, with 13.5g of vegetable oil, and it's all served with 415g of whole maize flour ugali.",60.0,18.5,467.0,10.4,66.5,1.2978906744833478,15.5,3.0,0.22297013041649139,1080.0,613.0,1.6561865927747157,19.3,8.9,0.7329154715550488
515,452.5,"['Beef\t medium fat\t w/o bones\t raw\t corrected for stewing', 'Onion\t mature\t red skinned\t peeled\t fresh\t raw corrected for stewing', 'Pumpkin\t leaves (seveve)\t raw\t corrected for boling', 'Rice\t white\t milled\t polished grain\t dry\t raw corrected for stewing', 'Salt\t Iodized', 'Tomato\t red\t ripe\t raw\t corrected for stewing', 'Vegetable oil', 'Whole Maize Flour Ugali']",KEN,"For lunch, I’m having 56.4 grams of raw medium fat beef, 47 grams of chopped fresh red onion, and 73.3 grams of raw pumpkin leaves. I also cooked 43.5 grams of dry white rice with 0.9 grams of iodized salt, and added 68.7 grams of ripe raw tomato. I used 21.0 grams of vegetable oil and served it with 600 grams of whole maize flour ugali.",100.0,31.9,845.0,27.0,352.5,6.879796432411731,43.5,11.600000000000001,0.8621511709437668,1442.0,597.0,1.6129582314624882,61.1,34.1,2.808136806744625
517,145.5,"['Egg\t chicken\t whole\t raw corrected for omelette', 'Onion\t mature\t red skinned\t peeled\t fresh\t raw corrected for stewing', 'Salt\t Iodized', 'Vegetable oil', 'Whole Maize Flour Ugali']",KEN,"For dinner, I’m having 54.1g of raw chicken egg, 17.5g of fresh red onion, 18.8g of iodized salt, 17.5g of vegetable oil, cooked in some vegetable oil, along with 200g of whole maize flour ugali.",30.3,40.0,494.0,4.6,115.2,2.248376025571153,20.5,19.5,1.449305847707194,1064.0,570.0,1.5400103717481044,20.1,15.500000000000002,1.2764258212475568
520,285.5,"['Baobab leaves, PROCESS = Boiling, QUALITATIVE-INFO = Fresh', 'Chicory coffee ingredient', 'Cow, ox or bull fresh meat,  PROCESS=Boiling', 'Dried fish,  STATE=Fine powder,  PROCESS=Boiling', 'Onions, PROCESS=Boiling', 'Paprika powder', 'Rice grain,  PROCESS=Boiling', 'Salt,  PROCESS=Boiling', 'Salt, INGREDIENT = Potassium, PHYSICAL-STATE = Liquid', 'Shea butter,  PROCESS=Boiling', 'Sorghum flour, PROCESS = Drying (dehydration), PROCESS = Boiling, QUALITATIVE-INFO = White, PART-CONSUMED-ANALYSED = With husks', 'Stock cubes or granulate (bouillon base)']",BFA,"For lunch, I made a dish with 8g of fresh boiled baobad leaves, 1g of chicory coffee ingredient, 20g of boiled beef, 11g of fine powdered dried fish, 28g of boiled onions, 0g of paprika powder, 1007g of boiled rice, 5g of salt, 7g of liquid potassium salt, 24g of shea butter, 105g of boiled dried sorghum flour, and 7g fo stock cubes for added flavor.",371.3,36.2,1999.0,73.10000000000001,85.80000000000001,1.6745717273785152,38.3,2.099999999999994,0.15607909129154351,1600.0,399.0,1.078007260223673,47.2,25.900000000000006,2.1328663722781758
522,345.2,"['Maize flour, PROCESS=Boiling', 'Sucrose (common sugar),  PROCESS=Boiling']",BFA,"For my snack, I used 420 grams of boiled maize flour along with 16 grams of common sugar.",94.5,3.4,419.0,11.8,250.7,4.8929502570372225,4.2,0.8,0.05945870144439771,1584.0,1165.0,3.147565058046564,12.6,0.799999999999998,0.06588004238697051
525,108.5,"['Chicory coffee infusion', 'Pancakes, PROCESS = Frying, INGREDIENT = Millet flour, PART-CONSUMED-ANALYSED = W/o husks', 'Sucrose (common sugar)']",BFA,"I enjoyed a snack of 190 grams of chicory coffee, along with 69g of millet flour pancakes and a sprinkle of 25g sugar.",84.6,27.6,376.0,15.2,23.900000000000006,0.46645995669401535,2.3,25.3,1.8803814331790774,451.0,75.0,0.20263294365106635,6.3,8.899999999999999,0.7329154715550485
